code,multi_1,multi_2,multi_3
'0121','1','1.1','1.1.1'
'0122','1','1.1','1.1.1'
'0123','1','1.1','1.1.1'
'0124','1','1.1','1.1.1'
'0125','1','1.1','1.1.1'
'0131','1','1.1','1.1.2'
'0101','1','1.1','1.1.3'
'0109','1','1.1','1.1.3'
'0126','1','1.1','1.1.3'
'0127','1','1.1','1.1.3'
'0128','1','1.1','1.1.3'
'0132','1','1.1','1.1.3'
'0139','1','1.1','1.1.3'
'0141','1','1.1','1.1.3'
'0142','1','1.1','1.1.3'
'0151','1','1.1','1.1.3'
'0152','1','1.1','1.1.3'
'0153','1','1.1','1.1.3'
'0159','1','1.1','1.1.3'
'0231','1','1.2',' '
'0232','1','1.2',' '
'0233','1','1.2',' '
'0234','1','1.2',' '
'0235','1','1.2',' '
'0239','1','1.2',' '
'0242','1','1.2',' '
'0243','1','1.2',' '
'805 ','1','1.3','1.3.1'
'8050','1','1.3','1.3.1'
'8051','1','1.3','1.3.1'
'8059','1','1.3','1.3.1'
'0302','1','1.3','1.3.2'
'0309','1','1.3','1.3.2'
'8459','1','1.3','1.3.2'
'8460','1','1.3','1.3.2'
'8461','1','1.3','1.3.2'
'8462','1','1.3','1.3.2'
'8463','1','1.3','1.3.2'
'8464','1','1.3','1.3.2'
'8465','1','1.3','1.3.2'
'8466','1','1.3','1.3.2'
'8467','1','1.3','1.3.2'
'8468','1','1.3','1.3.2'
'8469','1','1.3','1.3.2'
'8480','1','1.3','1.3.2'
'8481','1','1.3','1.3.2'
'8482','1','1.3','1.3.2'
'8483','1','1.3','1.3.2'
'8484','1','1.3','1.3.2'
'8485','1','1.3','1.3.2'
'0331','1','1.4',' '
'038 ','1','1.5',' '
'0390','1','1.5',' '
'0391','1','1.5',' '
'0392','1','1.5',' '
'0393','1','1.5',' '
'0394','1','1.5',' '
'0443','1','1.6','1.6.1'
'0444','1','1.6','1.6.2'
'0449','1','1.6','1.6.2'
'0111','1','1.7',' '
'0112','1','1.7',' '
'0113','1','1.7',' '
'0114','1','1.7',' '
'0115','1','1.7',' '
'0118','1','1.7',' '
'0119','1','1.7',' '
'0332','1','1.7',' '
'0339','1','1.7',' '
'0411','1','1.7',' '
'0412','1','1.7',' '
'0419','1','1.7',' '
'0511','1','1.7',' '
'0519','1','1.7',' '
'0102','1','1.8',' '
'0241','1','1.8',' '
'0295','1','1.8',' '
'0321','1','1.8',' '
'0395','1','1.8',' '
'0396','1','1.8',' '
'0480','1','1.8',' '
'0481','1','1.8',' '
'0489','1','1.8',' '
'0531','1','1.8',' '
'0532','1','1.8',' '
'0539','1','1.8',' '
'0120','1','1.9',' '
'0129','1','1.9',' '
'016 ','1','1.9',' '
'0201','1','1.9',' '
'0202','1','1.9',' '
'0203','1','1.9',' '
'0204','1','1.9',' '
'0205','1','1.9',' '
'0206','1','1.9',' '
'0207','1','1.9',' '
'0211','1','1.9',' '
'0212','1','1.9',' '
'0213','1','1.9',' '
'0214','1','1.9',' '
'022 ','1','1.9',' '
'0221','1','1.9',' '
'0222','1','1.9',' '
'0291','1','1.9',' '
'0292','1','1.9',' '
'0293','1','1.9',' '
'0294','1','1.9',' '
'0296','1','1.9',' '
'0299','1','1.9',' '
'0301','1','1.9',' '
'031 ','1','1.9',' '
'0329','1','1.9',' '
'034 ','1','1.9',' '
'0351','1','1.9',' '
'0352','1','1.9',' '
'0353','1','1.9',' '
'0359','1','1.9',' '
'036 ','1','1.9',' '
'0371','1','1.9',' '
'0372','1','1.9',' '
'0379','1','1.9',' '
'0397','1','1.9',' '
'0398','1','1.9',' '
'0399','1','1.9',' '
'0401','1','1.9',' '
'0402','1','1.9',' '
'0403','1','1.9',' '
'0404','1','1.9',' '
'0405','1','1.9',' '
'0406','1','1.9',' '
'0407','1','1.9',' '
'042 ','1','1.9',' '
'043 ','1','1.9',' '
'0441','1','1.9',' '
'0442','1','1.9',' '
'045 ','1','1.9',' '
'046 ','1','1.9',' '
'0471','1','1.9',' '
'0472','1','1.9',' '
'0473','1','1.9',' '
'0474','1','1.9',' '
'0475','1','1.9',' '
'0476','1','1.9',' '
'0479','1','1.9',' '
'0491','1','1.9',' '
'0492','1','1.9',' '
'0493','1','1.9',' '
'0499','1','1.9',' '
'050 ','1','1.9',' '
'0521','1','1.9',' '
'0522','1','1.9',' '
'0523','1','1.9',' '
'0524','1','1.9',' '
'0525','1','1.9',' '
'0529','1','1.9',' '
'0581','1','1.9',' '
'0589','1','1.9',' '
'059 ','1','1.9',' '
'1761','1','1.9',' '
'8053','1','1.9',' '
'8054','1','1.9',' '
'8458','1','1.9',' '
'8694','1','1.9',' '
'8695','1','1.9',' '
'8696','1','1.9',' '
'8697','1','1.9',' '
'8698','1','1.9',' '
'062 ','2','2.1',' '
'0631','2','2.1',' '
'0639','2','2.1',' '
'064 ','2','2.1',' '
'0650','2','2.1',' '
'0651','2','2.1',' '
'0652','2','2.1',' '
'066 ','2','2.1',' '
'0611','2','2.2',' '
'0612','2','2.2',' '
'0613','2','2.2',' '
'0619','2','2.2',' '
'0700','2','2.2',' '
'0701','2','2.2',' '
'0702','2','2.2',' '
'0711','2','2.2',' '
'0712','2','2.2',' '
'0713','2','2.2',' '
'0714','2','2.2',' '
'0715','2','2.2',' '
'0716','2','2.2',' '
'0717','2','2.2',' '
'0719','2','2.2',' '
'0751','2','2.2',' '
'0771','2','2.2',' '
'0791','2','2.2',' '
'0601','2','2.3',' '
'0602','2','2.3',' '
'0609','2','2.3',' '
'067 ','2','2.3',' '
'0681','2','2.3',' '
'0689','2','2.3',' '
'0691','2','2.3',' '
'0692','2','2.3',' '
'0693','2','2.3',' '
'0694','2','2.3',' '
'0695','2','2.3',' '
'0698','2','2.3',' '
'0699','2','2.3',' '
'0721','2','2.3',' '
'0722','2','2.3',' '
'0729','2','2.3',' '
'073 ','2','2.3',' '
'0741','2','2.3',' '
'0742','2','2.3',' '
'0743','2','2.3',' '
'0744','2','2.3',' '
'0745','2','2.3',' '
'0749','2','2.3',' '
'0752','2','2.3',' '
'0753','2','2.3',' '
'0754','2','2.3',' '
'0759','2','2.3',' '
'0761','2','2.3',' '
'0762','2','2.3',' '
'0763','2','2.3',' '
'0764','2','2.3',' '
'0765','2','2.3',' '
'0768','2','2.3',' '
'0769','2','2.3',' '
'0772','2','2.3',' '
'0779','2','2.3',' '
'0780','2','2.3',' '
'0781','2','2.3',' '
'0782','2','2.3',' '
'0783','2','2.3',' '
'0784','2','2.3',' '
'0792','2','2.3',' '
'0793','2','2.3',' '
'0794','2','2.3',' '
'0795','2','2.3',' '
'0798','2','2.3',' '
'0799','2','2.3',' '
'1160','3','3.1',' '
'1161','3','3.1',' '
'1162','3','3.1',' '
'1163','3','3.1',' '
'1164','3','3.1',' '
'1169','3','3.1',' '
'1251','3','3.2',' '
'1252','3','3.2',' '
'1253','3','3.2',' '
'1254','3','3.2',' '
'1255','3','3.2',' '
'1259','3','3.2',' '
'1261','3','3.2',' '
'1262','3','3.2',' '
'1263','3','3.2',' '
'1264','3','3.2',' '
'1265','3','3.2',' '
'1266','3','3.2',' '
'1267','3','3.2',' '
'1269','3','3.2',' '
'1271','3','3.2',' '
'1272','3','3.2',' '
'1273','3','3.2',' '
'1274','3','3.2',' '
'1279','3','3.2',' '
'1370','3','3.3','3.3.1'
'1371','3','3.3','3.3.1'
'1372','3','3.3','3.3.1'
'1341','3','3.3','3.3.2'
'1359','3','3.3','3.3.3'
'1311','3','3.3','3.3.4'
'1319','3','3.3','3.3.4'
'132 ','3','3.3','3.3.4'
'133 ','3','3.3','3.3.4'
'1342','3','3.3','3.3.4'
'1343','3','3.3','3.3.4'
'1351','3','3.3','3.3.4'
'1361','3','3.3','3.3.4'
'1362','3','3.3','3.3.4'
'1363','3','3.3','3.3.4'
'1364','3','3.3','3.3.4'
'1365','3','3.3','3.3.4'
'1366','3','3.3','3.3.4'
'1369','3','3.3','3.3.4'
'138 ','3','3.3','3.3.4'
'139 ','3','3.3','3.3.4'
'1390','3','3.3','3.3.4'
'1391','3','3.3','3.3.4'
'1431','3','3.4',' '
'1432','3','3.4',' '
'1433','3','3.4',' '
'1434','3','3.4',' '
'1435','3','3.4',' '
'1439','3','3.4',' '
'1441','3','3.4',' '
'1449','3','3.4',' '
'1451','3','3.4',' '
'1452','3','3.4',' '
'1453','3','3.4',' '
'1454','3','3.4',' '
'1455','3','3.4',' '
'1459','3','3.4',' '
'1421','3','3.5',' '
'1422','3','3.5',' '
'1423','3','3.5',' '
'1424','3','3.5',' '
'1425','3','3.5',' '
'1426','3','3.5',' '
'1427','3','3.5',' '
'1429','3','3.5',' '
'0811','3','3.6',' '
'0819','3','3.6',' '
'0911','3','3.6',' '
'0912','3','3.6',' '
'0919','3','3.6',' '
'1021','3','3.6',' '
'1029','3','3.6',' '
'1121','3','3.6',' '
'1122','3','3.6',' '
'1129','3','3.6',' '
'1221','3','3.6',' '
'1222','3','3.6',' '
'1229','3','3.6',' '
'1411','3','3.6',' '
'1419','3','3.6',' '
'1501','3','3.6',' '
'1509','3','3.6',' '
'1621','3','3.6',' '
'1622','3','3.6',' '
'1623','3','3.6',' '
'1629','3','3.6',' '
'0801','3','3.7',' '
'0802','3','3.7',' '
'0809','3','3.7',' '
'0820','3','3.7',' '
'0821','3','3.7',' '
'0822','3','3.7',' '
'0823','3','3.7',' '
'0824','3','3.7',' '
'0825','3','3.7',' '
'0831','3','3.7',' '
'0832','3','3.7',' '
'0833','3','3.7',' '
'0834','3','3.7',' '
'0835','3','3.7',' '
'0836','3','3.7',' '
'0837','3','3.7',' '
'0838','3','3.7',' '
'0841','3','3.7',' '
'0842','3','3.7',' '
'0843','3','3.7',' '
'0844','3','3.7',' '
'0849','3','3.7',' '
'0851','3','3.7',' '
'0852','3','3.7',' '
'0859','3','3.7',' '
'0861','3','3.7',' '
'0862','3','3.7',' '
'0863','3','3.7',' '
'0864','3','3.7',' '
'0869','3','3.7',' '
'0870','3','3.7',' '
'0871','3','3.7',' '
'0872','3','3.7',' '
'0873','3','3.7',' '
'0874','3','3.7',' '
'0881','3','3.7',' '
'0882','3','3.7',' '
'0883','3','3.7',' '
'0884','3','3.7',' '
'0885','3','3.7',' '
'0886','3','3.7',' '
'0887','3','3.7',' '
'0889','3','3.7',' '
'0891','3','3.7',' '
'0892','3','3.7',' '
'0893','3','3.7',' '
'0899','3','3.7',' '
'090 ','3','3.7',' '
'0920','3','3.7',' '
'0921','3','3.7',' '
'0922','3','3.7',' '
'0923','3','3.7',' '
'093 ','3','3.7',' '
'0941','3','3.7',' '
'0942','3','3.7',' '
'0943','3','3.7',' '
'0944','3','3.7',' '
'0949','3','3.7',' '
'0951','3','3.7',' '
'0952','3','3.7',' '
'0953','3','3.7',' '
'0959','3','3.7',' '
'096 ','3','3.7',' '
'0971','3','3.7',' '
'0972','3','3.7',' '
'0973','3','3.7',' '
'0981','3','3.7',' '
'0982','3','3.7',' '
'0983','3','3.7',' '
'0991','3','3.7',' '
'0999','3','3.7',' '
'100 ','3','3.7',' '
'101 ','3','3.7',' '
'1031','3','3.7',' '
'1032','3','3.7',' '
'1033','3','3.7',' '
'1041','3','3.7',' '
'1042','3','3.7',' '
'1043','3','3.7',' '
'1044','3','3.7',' '
'1049','3','3.7',' '
'105 ','3','3.7',' '
'106 ','3','3.7',' '
'1091','3','3.7',' '
'1099','3','3.7',' '
'110 ','3','3.7',' '
'111 ','3','3.7',' '
'1131','3','3.7',' '
'1132','3','3.7',' '
'1139','3','3.7',' '
'1141','3','3.7',' '
'1142','3','3.7',' '
'1143','3','3.7',' '
'1149','3','3.7',' '
'1151','3','3.7',' '
'1152','3','3.7',' '
'1153','3','3.7',' '
'1159','3','3.7',' '
'1171','3','3.7',' '
'1172','3','3.7',' '
'1173','3','3.7',' '
'1174','3','3.7',' '
'1175','3','3.7',' '
'1176','3','3.7',' '
'1179','3','3.7',' '
'1191','3','3.7',' '
'1192','3','3.7',' '
'1199','3','3.7',' '
'9651','3','3.7',' '
'9731','3','3.7',' '
'1200','3','3.8',' '
'1201','3','3.8',' '
'1202','3','3.8',' '
'1211','3','3.8',' '
'1212','3','3.8',' '
'1213','3','3.8',' '
'1214','3','3.8',' '
'1231','3','3.8',' '
'1232','3','3.8',' '
'1233','3','3.8',' '
'1234','3','3.8',' '
'1235','3','3.8',' '
'1239','3','3.8',' '
'1240','3','3.8',' '
'1241','3','3.8',' '
'1242','3','3.8',' '
'1243','3','3.8',' '
'1244','3','3.8',' '
'1281','3','3.8',' '
'1282','3','3.8',' '
'1283','3','3.8',' '
'1284','3','3.8',' '
'1285','3','3.8',' '
'1286','3','3.8',' '
'1287','3','3.8',' '
'1288','3','3.8',' '
'1289','3','3.8',' '
'1291','3','3.8',' '
'1292','3','3.8',' '
'1293','3','3.8',' '
'1297','3','3.8',' '
'1298','3','3.8',' '
'1299','3','3.8',' '
'1300','3','3.8',' '
'1301','3','3.8',' '
'1302','3','3.8',' '
'1400','3','3.8',' '
'1401','3','3.8',' '
'1402','3','3.8',' '
'146 ','3','3.8',' '
'1471','3','3.8',' '
'1472','3','3.8',' '
'1473','3','3.8',' '
'1474','3','3.8',' '
'1475','3','3.8',' '
'1479','3','3.8',' '
'1481','3','3.8',' '
'1482','3','3.8',' '
'1483','3','3.8',' '
'149 ','3','3.8',' '
'1511','3','3.9',' '
'1512','3','3.9',' '
'1513','3','3.9',' '
'1519','3','3.9',' '
'1521','3','3.9',' '
'1522','3','3.9',' '
'1529','3','3.9',' '
'153 ','3','3.9',' '
'154 ','3','3.9',' '
'155 ','3','3.9',' '
'156 ','3','3.9',' '
'157 ','3','3.9',' '
'159 ','3','3.9',' '
'1601','3','3.9',' '
'1602','3','3.9',' '
'1609','3','3.9',' '
'161 ','3','3.9',' '
'1631','3','3.9',' '
'1639','3','3.9',' '
'1641','3','3.9',' '
'1642','3','3.9',' '
'1649','3','3.9',' '
'1651','3','3.9',' '
'1652','3','3.9',' '
'1659','3','3.9',' '
'1661','3','3.9',' '
'1662','3','3.9',' '
'1663','3','3.9',' '
'1664','3','3.9',' '
'1665','3','3.9',' '
'1666','3','3.9',' '
'1669','3','3.9',' '
'1671','3','3.9',' '
'1672','3','3.9',' '
'1681','3','3.9',' '
'1682','3','3.9',' '
'1689','3','3.9',' '
'1691','3','3.9',' '
'1692','3','3.9',' '
'1693','3','3.9',' '
'1698','3','3.9',' '
'1699','3','3.9',' '
'194 ','4','4.1',' '
'1952','4','4.1',' '
'1953','4','4.1',' '
'1954','4','4.1',' '
'1955','4','4.1',' '
'196 ','4','4.1',' '
'2001','4','4.2',' '
'2009','4','4.2',' '
'2041','4','4.3',' '
'2042','4','4.3',' '
'2049','4','4.3',' '
'1811','4','4.4',' '
'1812','4','4.4',' '
'1819','4','4.4',' '
'2031','4','4.4',' '
'2032','4','4.4',' '
'2039','4','4.4',' '
'1801','4','4.5',' '
'1802','4','4.5',' '
'1809','4','4.5',' '
'1821','4','4.5',' '
'1829','4','4.5',' '
'1831','4','4.5',' '
'1839','4','4.5',' '
'184 ','4','4.5',' '
'185 ','4','4.5',' '
'186 ','4','4.5',' '
'1871','4','4.5',' '
'1872','4','4.5',' '
'1879','4','4.5',' '
'189 ','4','4.5',' '
'190 ','4','4.5',' '
'1911','4','4.5',' '
'1919','4','4.5',' '
'1921','4','4.5',' '
'1929','4','4.5',' '
'193 ','4','4.5',' '
'199 ','4','4.5',' '
'201 ','4','4.5',' '
'2021','4','4.5',' '
'2022','4','4.5',' '
'2023','4','4.5',' '
'2051','4','4.5',' '
'2059','4','4.5',' '
'2061','4','4.5',' '
'2062','4','4.5',' '
'2071','4','4.5',' '
'2072','4','4.5',' '
'2079','4','4.5',' '
'208 ','4','4.5',' '
'2091','4','4.5',' '
'2092','4','4.5',' '
'2093','4','4.5',' '
'2094','4','4.5',' '
'2095','4','4.5',' '
'2096','4','4.5',' '
'2097','4','4.5',' '
'2098','4','4.5',' '
'2099','4','4.5',' '
'9611','4','4.5',' '
'9652','4','4.5',' '
'2100','5','5.1',' '
'2101','5','5.1',' '
'2102','5','5.1',' '
'2103','5','5.1',' '
'2104','5','5.1',' '
'2105','5','5.1',' '
'2106','5','5.1',' '
'2107','5','5.1',' '
'2109','5','5.1',' '
'215 ','5','5.2',' '
'2181','5','5.2',' '
'2182','5','5.2',' '
'2183','5','5.2',' '
'2184','5','5.2',' '
'2185','5','5.2',' '
'2186','5','5.2',' '
'2187','5','5.2',' '
'2188','5','5.2',' '
'2189','5','5.2',' '
'2301','5','5.3',' '
'2309','5','5.3',' '
'2311','5','5.3',' '
'2319','5','5.3',' '
'232 ','5','5.3',' '
'233 ','5','5.3',' '
'2341','5','5.3',' '
'2342','5','5.3',' '
'2343','5','5.3',' '
'2349','5','5.3',' '
'235 ','5','5.3',' '
'236 ','5','5.3',' '
'2370','5','5.3',' '
'2371','5','5.3',' '
'2372','5','5.3',' '
'2373','5','5.3',' '
'244 ','5','5.3',' '
'245 ','5','5.3',' '
'246 ','5','5.3',' '
'247 ','5','5.3',' '
'248 ','5','5.3',' '
'2491','5','5.3',' '
'2499','5','5.3',' '
'9654','5','5.3',' '
'9722','5','5.3',' '
'9733','5','5.3',' '
'9734','5','5.3',' '
'9735','5','5.3',' '
'9997','5','5.3',' '
'282 ','5','5.4','5.4.1'
'283 ','5','5.4','5.4.2'
'286 ','5','5.4','5.4.3'
'287 ','5','5.4','5.4.4'
'2211','5','5.5','5.5.1'
'2212','5','5.5','5.5.1'
'2219','5','5.5','5.5.1'
'2121','5','5.5','5.5.2'
'2122','5','5.5','5.5.2'
'2129','5','5.5','5.5.2'
'2411','5','5.5','5.5.2'
'2412','5','5.5','5.5.2'
'2419','5','5.5','5.5.2'
'2501','5','5.5','5.5.2'
'2502','5','5.5','5.5.2'
'2509','5','5.5','5.5.2'
'2611','5','5.5','5.5.2'
'2612','5','5.5','5.5.2'
'2619','5','5.5','5.5.2'
'2721','5','5.5','5.5.2'
'2722','5','5.5','5.5.2'
'2723','5','5.5','5.5.2'
'2724','5','5.5','5.5.2'
'2729','5','5.5','5.5.2'
'2811','5','5.5','5.5.2'
'2819','5','5.5','5.5.2'
'2911','5','5.5','5.5.2'
'2912','5','5.5','5.5.2'
'2919','5','5.5','5.5.2'
'2200','5','5.6','5.6.1'
'2201','5','5.6','5.6.1'
'2202','5','5.6','5.6.1'
'222 ','5','5.6','5.6.1'
'211 ','5','5.6','5.6.2'
'2130','5','5.6','5.6.2'
'2131','5','5.6','5.6.2'
'2132','5','5.6','5.6.2'
'2171','5','5.6','5.6.2'
'2191','5','5.6','5.6.2'
'240 ','5','5.6','5.6.2'
'2431','5','5.6','5.6.2'
'2432','5','5.6','5.6.2'
'2439','5','5.6','5.6.2'
'2551','5','5.6','5.6.2'
'2591','5','5.6','5.6.2'
'2592','5','5.6','5.6.2'
'2593','5','5.6','5.6.2'
'260 ','5','5.6','5.6.2'
'2691','5','5.6','5.6.2'
'2741','5','5.6','5.6.2'
'2751','5','5.6','5.6.2'
'2752','5','5.6','5.6.2'
'2791','5','5.6','5.6.2'
'2991','5','5.6','5.6.2'
'9621','5','5.6','5.6.2'
'9653','5','5.6','5.6.2'
'9721','5','5.6','5.6.2'
'9732','5','5.6','5.6.2'
'2231','5','5.7','5.7.1'
'2239','5','5.7','5.7.1'
'2241','5','5.7','5.7.1'
'2242','5','5.7','5.7.1'
'2250','5','5.7','5.7.1'
'2251','5','5.7','5.7.1'
'2252','5','5.7','5.7.1'
'2253','5','5.7','5.7.1'
'2260','5','5.7','5.7.1'
'2261','5','5.7','5.7.1'
'2262','5','5.7','5.7.1'
'2263','5','5.7','5.7.1'
'2264','5','5.7','5.7.1'
'2271','5','5.7','5.7.1'
'2279','5','5.7','5.7.1'
'2630','5','5.7','5.7.2'
'2631','5','5.7','5.7.2'
'2632','5','5.7','5.7.2'
'2754','5','5.7','5.7.3'
'2762','5','5.7','5.7.4'
'280 ','5','5.7','5.7.5'
'214 ','5','5.7','5.7.6'
'2161','5','5.7','5.7.6'
'2162','5','5.7','5.7.6'
'2169','5','5.7','5.7.6'
'2172','5','5.7','5.7.6'
'2199','5','5.7','5.7.6'
'229 ','5','5.7','5.7.6'
'242 ','5','5.7','5.7.6'
'251 ','5','5.7','5.7.6'
'252 ','5','5.7','5.7.6'
'253 ','5','5.7','5.7.6'
'254 ','5','5.7','5.7.6'
'2559','5','5.7','5.7.6'
'2594','5','5.7','5.7.6'
'2599','5','5.7','5.7.6'
'2621','5','5.7','5.7.6'
'2629','5','5.7','5.7.6'
'2641','5','5.7','5.7.6'
'2642','5','5.7','5.7.6'
'2649','5','5.7','5.7.6'
'2699','5','5.7','5.7.6'
'270 ','5','5.7','5.7.6'
'271 ','5','5.7','5.7.6'
'2731','5','5.7','5.7.6'
'2732','5','5.7','5.7.6'
'2742','5','5.7','5.7.6'
'2743','5','5.7','5.7.6'
'2749','5','5.7','5.7.6'
'2753','5','5.7','5.7.6'
'2755','5','5.7','5.7.6'
'2756','5','5.7','5.7.6'
'2757','5','5.7','5.7.6'
'2759','5','5.7','5.7.6'
'2761','5','5.7','5.7.6'
'2763','5','5.7','5.7.6'
'2764','5','5.7','5.7.6'
'2769','5','5.7','5.7.6'
'2771','5','5.7','5.7.6'
'2772','5','5.7','5.7.6'
'2773','5','5.7','5.7.6'
'2779','5','5.7','5.7.6'
'2792','5','5.7','5.7.6'
'2799','5','5.7','5.7.6'
'284 ','5','5.7','5.7.6'
'285 ','5','5.7','5.7.6'
'2891','5','5.7','5.7.6'
'2892','5','5.7','5.7.6'
'2899','5','5.7','5.7.6'
'290 ','5','5.7','5.7.6'
'292 ','5','5.7','5.7.6'
'293 ','5','5.7','5.7.6'
'2931','5','5.7','5.7.6'
'2932','5','5.7','5.7.6'
'2933','5','5.7','5.7.6'
'2939','5','5.7','5.7.6'
'294 ','5','5.7','5.7.6'
'2951','5','5.7','5.7.6'
'2952','5','5.7','5.7.6'
'2953','5','5.7','5.7.6'
'2954','5','5.7','5.7.6'
'2959','5','5.7','5.7.6'
'2992','5','5.7','5.7.6'
'2999','5','5.7','5.7.6'
'311 ','6','6.1',' '
'3121','6','6.1',' '
'3129','6','6.1',' '
'3142','6','6.2',' '
'3143','6','6.2',' '
'3144','6','6.2',' '
'3220','6','6.3',' '
'3221','6','6.3',' '
'3222','6','6.3',' '
'3223','6','6.3',' '
'3224','6','6.3',' '
'3225','6','6.3',' '
'3226','6','6.3',' '
'3227','6','6.3',' '
'3229','6','6.3',' '
'323 ','6','6.3',' '
'3230','6','6.3',' '
'3239','6','6.3',' '
'324 ','6','6.3',' '
'3241','6','6.3',' '
'3249','6','6.3',' '
'325 ','6','6.3',' '
'3250','6','6.3',' '
'3259','6','6.3',' '
'3322','6','6.4','6.4.1'
'3323','6','6.4','6.4.1'
'3372','6','6.4','6.4.1'
'3324','6','6.4','6.4.2'
'3326','6','6.4','6.4.3'
'3327','6','6.4','6.4.4'
'3320','6','6.5',' '
'3325','6','6.5',' '
'3328','6','6.5',' '
'3329','6','6.5',' '
'3402','6','6.5',' '
'3404','6','6.6','6.6.1'
'3406','6','6.6','6.6.1'
'3409','6','6.6','6.6.2'
'3491','6','6.6','6.6.3'
'3141','6','6.7',' '
'3145','6','6.7',' '
'3148','6','6.7',' '
'3149','6','6.7',' '
'3321','6','6.7',' '
'3420','6','6.7',' '
'3421','6','6.7',' '
'3422','6','6.7',' '
'3423','6','6.7',' '
'3424','6','6.7',' '
'3425','6','6.7',' '
'3426','6','6.7',' '
'3427','6','6.7',' '
'3428','6','6.7',' '
'3429','6','6.7',' '
'310 ','6','6.8',' '
'3193','6','6.8',' '
'3194','6','6.8',' '
'3195','6','6.8',' '
'3201','6','6.8',' '
'3228','6','6.8',' '
'3331','6','6.8',' '
'3332','6','6.8',' '
'3333','6','6.8',' '
'3371','6','6.8',' '
'3373','6','6.8',' '
'3378','6','6.8',' '
'3379','6','6.8',' '
'3391','6','6.8',' '
'3471','6','6.8',' '
'3472','6','6.8',' '
'3492','6','6.8',' '
'9655','6','6.8',' '
'9656','6','6.8',' '
'9723','6','6.8',' '
'9737','6','6.8',' '
'9741','6','6.8',' '
'9742','6','6.8',' '
'9743','6','6.8',' '
'9749','6','6.8',' '
'3001','6','6.9',' '
'3009','6','6.9',' '
'301 ','6','6.9',' '
'3021','6','6.9',' '
'3022','6','6.9',' '
'3029','6','6.9',' '
'303 ','6','6.9',' '
'304 ','6','6.9',' '
'313 ','6','6.9',' '
'315 ','6','6.9',' '
'3161','6','6.9',' '
'3162','6','6.9',' '
'3163','6','6.9',' '
'3164','6','6.9',' '
'3169','6','6.9',' '
'3171','6','6.9',' '
'3172','6','6.9',' '
'3173','6','6.9',' '
'3174','6','6.9',' '
'3175','6','6.9',' '
'3179','6','6.9',' '
'3191','6','6.9',' '
'3192','6','6.9',' '
'3198','6','6.9',' '
'3199','6','6.9',' '
'320 ','6','6.9',' '
'3209','6','6.9',' '
'321 ','6','6.9',' '
'326 ','6','6.9',' '
'329 ','6','6.9',' '
'330 ','6','6.9',' '
'331 ','6','6.9',' '
'3334','6','6.9',' '
'3339','6','6.9',' '
'3341','6','6.9',' '
'3342','6','6.9',' '
'3343','6','6.9',' '
'3348','6','6.9',' '
'3349','6','6.9',' '
'3392','6','6.9',' '
'3393','6','6.9',' '
'3398','6','6.9',' '
'3399','6','6.9',' '
'3401','6','6.9',' '
'3403','6','6.9',' '
'3405','6','6.9',' '
'341 ','6','6.9',' '
'343 ','6','6.9',' '
'344 ','6','6.9',' '
'3451','6','6.9',' '
'3452','6','6.9',' '
'3459','6','6.9',' '
'346 ','6','6.9',' '
'3473','6','6.9',' '
'3474','6','6.9',' '
'3479','6','6.9',' '
'3481','6','6.9',' '
'3482','6','6.9',' '
'3483','6','6.9',' '
'3484','6','6.9',' '
'3485','6','6.9',' '
'3489','6','6.9',' '
'3493','6','6.9',' '
'3499','6','6.9',' '
'3500','7','7.1',' '
'3501','7','7.1',' '
'3502','7','7.1',' '
'3503','7','7.1',' '
'3504','7','7.1',' '
'3505','7','7.1',' '
'3506','7','7.1',' '
'3507','7','7.1',' '
'3508','7','7.1',' '
'3509','7','7.1',' '
'3510','7','7.1',' '
'3511','7','7.1',' '
'3512','7','7.1',' '
'3513','7','7.1',' '
'3514','7','7.1',' '
'3520','7','7.1',' '
'3521','7','7.1',' '
'3522','7','7.1',' '
'3523','7','7.1',' '
'3524','7','7.1',' '
'3525','7','7.1',' '
'3526','7','7.1',' '
'3527','7','7.1',' '
'3528','7','7.1',' '
'3596','7','7.1',' '
'3597','7','7.1',' '
'3599','7','7.1',' '
'3611','7','7.2','7.2.1'
'3612','7','7.2','7.2.2'
'3613','7','7.2','7.2.3'
'3614','7','7.2','7.2.4'
'3610','7','7.2','7.2.5'
'3615','7','7.2','7.2.5'
'3616','7','7.2','7.2.5'
'3617','7','7.2','7.2.5'
'3619','7','7.2','7.2.5'
'362 ','7','7.2','7.2.5'
'363 ','7','7.2','7.2.5'
'3631','7','7.2','7.2.5'
'3632','7','7.2','7.2.5'
'3633','7','7.2','7.2.5'
'3634','7','7.2','7.2.5'
'3639','7','7.2','7.2.5'
'0066','7','7.3','7.3.1'
'1755','7','7.3','7.3.1'
'3601','7','7.3','7.3.1'
'3602','7','7.3','7.3.1'
'3605','7','7.3','7.3.2'
'3604','7','7.4',' '
'8852','7','7.5','7.5.1'
'8853','7','7.5','7.5.1'
'8854','7','7.5','7.5.1'
'8855','7','7.5','7.5.1'
'8856','7','7.5','7.5.1'
'8857','7','7.5','7.5.1'
'3721','7','7.5','7.5.2'
'3722','7','7.5','7.5.2'
'3723','7','7.5','7.5.2'
'0050','7','7.6',' '
'0051','7','7.6',' '
'0052','7','7.6',' '
'0053','7','7.6',' '
'0054','7','7.6',' '
'0056','7','7.6','7.6.1'
'0057','7','7.6','7.6.1'
'3770','7','7.6','7.6.1'
'3771','7','7.6','7.6.1'
'3772','7','7.6','7.6.1'
'3773','7','7.6','7.6.1'
'3774','7','7.6','7.6.1'
'3775','7','7.6','7.6.1'
'3776','7','7.6','7.6.1'
'3777','7','7.6','7.6.1'
'3778','7','7.6','7.6.1'
'3779','7','7.6','7.6.1'
'3780','7','7.6','7.6.2'
'3781','7','7.6','7.6.2'
'3782','7','7.6','7.6.2'
'3783','7','7.6','7.6.2'
'3785','7','7.6','7.6.2'
'3786','7','7.6','7.6.2'
'3787','7','7.6','7.6.2'
'3789','7','7.6','7.6.2'
'1751','7','7.6','7.6.3'
'1752','7','7.6','7.6.3'
'3794','7','7.6','7.6.3'
'3795','7','7.6','7.6.3'
'3796','7','7.6','7.6.3'
'3797','7','7.6','7.6.3'
'3798','7','7.6','7.6.3'
'3531','7','7.7',' '
'3532','7','7.7',' '
'3533','7','7.7',' '
'3534','7','7.7',' '
'3535','7','7.7',' '
'3539','7','7.7',' '
'3541','7','7.7',' '
'3542','7','7.7',' '
'3550','7','7.7',' '
'3551','7','7.7',' '
'3552','7','7.7',' '
'3553','7','7.7',' '
'3554','7','7.7',' '
'3555','7','7.7',' '
'3560','7','7.7',' '
'3561','7','7.7',' '
'3562','7','7.7',' '
'3563','7','7.7',' '
'3570','7','7.7',' '
'3571','7','7.7',' '
'3572','7','7.7',' '
'3573','7','7.7',' '
'3581','7','7.7',' '
'3582','7','7.7',' '
'3583','7','7.7',' '
'3584','7','7.7',' '
'3591','7','7.7',' '
'3592','7','7.7',' '
'3593','7','7.7',' '
'3594','7','7.7',' '
'3595','7','7.7',' '
'3598','7','7.7',' '
'3600','7','7.7',' '
'3603','7','7.7',' '
'3609','7','7.7',' '
'3691','7','7.7',' '
'3699','7','7.7',' '
'3710','7','7.7',' '
'3711','7','7.7',' '
'3712','7','7.7',' '
'3731','7','7.7',' '
'3732','7','7.7',' '
'3733','7','7.7',' '
'3734','7','7.7',' '
'3735','7','7.7',' '
'3736','7','7.7',' '
'3737','7','7.7',' '
'374 ','7','7.7',' '
'3741','7','7.7',' '
'3749','7','7.7',' '
'3752','7','7.7',' '
'3753','7','7.7',' '
'3754','7','7.7',' '
'3755','7','7.7',' '
'3760','7','7.7',' '
'3761','7','7.7',' '
'3762','7','7.7',' '
'3763','7','7.7',' '
'3764','7','7.7',' '
'3765','7','7.7',' '
'3766','7','7.7',' '
'3767','7','7.7',' '
'3768','7','7.7',' '
'3790','7','7.7',' '
'3791','7','7.7',' '
'3799','7','7.7',' '
'3961','7','7.8',' '
'3962','7','7.8',' '
'3963','7','7.8',' '
'3964','7','7.8',' '
'3965','7','7.8',' '
'3966','7','7.8',' '
'3811','7','7.9',' '
'3812','7','7.9',' '
'3834','7','7.10',' '
'3844','7','7.10',' '
'3864','7','7.10',' '
'3971','7','7.10',' '
'3973','7','7.10',' '
'3978','7','7.10',' '
'3859','7','7.11',' '
'3891','7','7.12','7.12.1'
'3892','7','7.12','7.12.2'
'3893','7','7.12','7.12.3'
'3897','7','7.12','7.12.3'
'3925','7','7.13',' '
'3929','7','7.13',' '
'390 ','7','7.14',' '
'391 ','7','7.14',' '
'3921','7','7.14',' '
'3922','7','7.14',' '
'3923','7','7.14',' '
'3924','7','7.14',' '
'3926','7','7.14',' '
'3928','7','7.14',' '
'3927','7','7.15',' '
'3942','7','7.15',' '
'3943','7','7.15',' '
'3993','7','7.15',' '
'3995','7','7.16',' '
'0061','7','7.17',' '
'0062','7','7.17',' '
'0063','7','7.17',' '
'0064','7','7.17',' '
'0065','7','7.17',' '
'1753','7','7.17',' '
'1754','7','7.17',' '
'3801','7','7.17',' '
'3802','7','7.17',' '
'3831','7','7.17',' '
'3832','7','7.17',' '
'3841','7','7.17',' '
'3842','7','7.17',' '
'3851','7','7.17',' '
'3852','7','7.17',' '
'3861','7','7.17',' '
'3862','7','7.17',' '
'3881','7','7.17',' '
'3882','7','7.17',' '
'3972','7','7.17',' '
'3974','7','7.17',' '
'3975','7','7.17',' '
'3976','7','7.17',' '
'3981','7','7.17',' '
'3982','7','7.17',' '
'3983','7','7.17',' '
'3984','7','7.17',' '
'3985','7','7.17',' '
'3986','7','7.17',' '
'3987','7','7.17',' '
'3988','7','7.17',' '
'3989','7','7.17',' '
'3808','7','7.18',' '
'3818','7','7.18',' '
'0055','7','7.19',' '
'1756','7','7.19',' '
'3950','7','7.19',' '
'3977','7','7.19',' '
'3979','7','7.19',' '
'6824','7','7.19',' '
'6825','7','7.19',' '
'387 ','7','7.19','7.19.1'
'0040','7','7.19','7.19.2'
'0041','7','7.19','7.19.2'
'0042','7','7.19','7.19.2'
'0043','7','7.19','7.19.2'
'0044','7','7.19','7.19.2'
'0045','7','7.19','7.19.2'
'0046','7','7.19','7.19.2'
'0047','7','7.19','7.19.2'
'0048','7','7.19','7.19.2'
'1771','7','7.19','7.19.2'
'3800','7','7.19','7.19.2'
'3803','7','7.19','7.19.2'
'3804','7','7.19','7.19.2'
'3805','7','7.19','7.19.2'
'3806','7','7.19','7.19.2'
'3807','7','7.19','7.19.2'
'3809','7','7.19','7.19.2'
'3810','7','7.19','7.19.2'
'3813','7','7.19','7.19.2'
'3814','7','7.19','7.19.2'
'3815','7','7.19','7.19.2'
'3816','7','7.19','7.19.2'
'3830','7','7.19','7.19.2'
'3833','7','7.19','7.19.2'
'3835','7','7.19','7.19.2'
'3836','7','7.19','7.19.2'
'3837','7','7.19','7.19.2'
'3838','7','7.19','7.19.2'
'3839','7','7.19','7.19.2'
'3840','7','7.19','7.19.2'
'3843','7','7.19','7.19.2'
'3845','7','7.19','7.19.2'
'3846','7','7.19','7.19.2'
'3847','7','7.19','7.19.2'
'3848','7','7.19','7.19.2'
'3849','7','7.19','7.19.2'
'3850','7','7.19','7.19.2'
'3853','7','7.19','7.19.2'
'3855','7','7.19','7.19.2'
'3857','7','7.19','7.19.2'
'3860','7','7.19','7.19.2'
'3863','7','7.19','7.19.2'
'3865','7','7.19','7.19.2'
'3866','7','7.19','7.19.2'
'3867','7','7.19','7.19.2'
'3868','7','7.19','7.19.2'
'3869','7','7.19','7.19.2'
'3880','7','7.19','7.19.2'
'3883','7','7.19','7.19.2'
'3884','7','7.19','7.19.2'
'3885','7','7.19','7.19.2'
'3886','7','7.19','7.19.2'
'3887','7','7.19','7.19.2'
'3888','7','7.19','7.19.2'
'3889','7','7.19','7.19.2'
'3930','7','7.19','7.19.2'
'3931','7','7.19','7.19.2'
'3932','7','7.19','7.19.2'
'3941','7','7.19','7.19.2'
'3949','7','7.19','7.19.2'
'3951','7','7.19','7.19.2'
'3952','7','7.19','7.19.2'
'3953','7','7.19','7.19.2'
'3954','7','7.19','7.19.2'
'3955','7','7.19','7.19.2'
'3956','7','7.19','7.19.2'
'3957','7','7.19','7.19.2'
'3958','7','7.19','7.19.2'
'3959','7','7.19','7.19.2'
'397 ','7','7.19','7.19.2'
'398 ','7','7.19','7.19.2'
'3990','7','7.19','7.19.2'
'3991','7','7.19','7.19.2'
'3992','7','7.19','7.19.2'
'3994','7','7.19','7.19.2'
'3998','7','7.19','7.19.2'
'3999','7','7.19','7.19.2'
'3720','7','7.20',' '
'3724','7','7.20',' '
'3725','7','7.20',' '
'3726','7','7.20',' '
'3727','7','7.20',' '
'3728','7','7.20',' '
'3729','7','7.20',' '
'3821','7','7.20',' '
'3822','7','7.20',' '
'3826','7','7.20',' '
'3829','7','7.20',' '
'0049','7','7.21',' '
'0060','7','7.21',' '
'3606','7','7.21',' '
'3607','7','7.21',' '
'370 ','7','7.21',' '
'3792','7','7.21',' '
'3793','7','7.21',' '
'3894','7','7.21',' '
'3895','7','7.21',' '
'3996','7','7.21',' '
'3997','7','7.21',' '
'9744','7','7.21',' '
'410 ','8','8.1',' '
'4100','8','8.1',' '
'4101','8','8.1',' '
'4102','8','8.1',' '
'4103','8','8.1',' '
'4104','8','8.1',' '
'4105','8','8.1',' '
'4106','8','8.1',' '
'4107','8','8.1',' '
'4108','8','8.1',' '
'4109','8','8.1',' '
'4131','8','8.2',' '
'411 ','8','8.3',' '
'412 ','8','8.3',' '
'4141','8','8.3',' '
'4142','8','8.3',' '
'4143','8','8.3',' '
'415 ','8','8.3',' '
'4193','8','8.3',' '
'4195','8','8.3',' '
'4199','8','8.3',' '
'4011','8','8.4','8.4.1'
'4021','8','8.4','8.4.2'
'4022','8','8.4','8.4.2'
'4023','8','8.4','8.4.2'
'4024','8','8.4','8.4.2'
'4029','8','8.4','8.4.2'
'403 ','8','8.4','8.4.3'
'4040','8','8.4','8.4.4'
'4041','8','8.4','8.4.4'
'4042','8','8.4','8.4.4'
'4050','8','8.4','8.4.4'
'4051','8','8.4','8.4.4'
'4052','8','8.4','8.4.4'
'4053','8','8.4','8.4.4'
'4054','8','8.4','8.4.4'
'4059','8','8.4','8.4.4'
'400 ','8','8.4','8.4.5'
'4019','8','8.4','8.4.5'
'4061','8','8.4','8.4.5'
'4062','8','8.4','8.4.5'
'4063','8','8.4','8.4.5'
'4064','8','8.4','8.4.5'
'4069','8','8.4','8.4.5'
'409 ','8','8.4','8.4.5'
'4132','8','8.4','8.4.5'
'4133','8','8.4','8.4.5'
'4138','8','8.4','8.4.5'
'4139','8','8.4','8.4.5'
'4191','8','8.4','8.4.5'
'4192','8','8.4','8.4.5'
'4198','8','8.4','8.4.5'
'4291','9','9.1','9.1.1'
'4292','9','9.1','9.1.2'
'4223','9','9.2','9.2.1'
'4224','9','9.2','9.2.1'
'4413','9','9.2','9.2.2'
'4414','9','9.2','9.2.2'
'4513','9','9.2','9.2.3'
'4516','9','9.2','9.2.4'
'4514','9','9.2','9.2.5'
'431 ','9','9.3',' '
'4311','9','9.3',' '
'4319','9','9.3',' '
'432 ','9','9.3',' '
'4432','9','9.3',' '
'4610','9','9.4',' '
'4611','9','9.4',' '
'4612','9','9.4',' '
'4613','9','9.4',' '
'4614','9','9.4',' '
'4620','9','9.5',' '
'4621','9','9.5',' '
'4622','9','9.5',' '
'4623','9','9.5',' '
'4624','9','9.5',' '
'4631','9','9.5',' '
'4632','9','9.5',' '
'4639','9','9.5',' '
'435 ','9','9.6',' '
'436 ','9','9.6',' '
'437 ','9','9.6',' '
'4381','9','9.6',' '
'4382','9','9.6',' '
'4389','9','9.6',' '
'4391','9','9.6',' '
'4399','9','9.6',' '
'4561','9','9.7',' '
'4562','9','9.7',' '
'4563','9','9.7',' '
'4525','9','9.8','9.8.1'
'4523','9','9.8','9.8.2'
'4524','9','9.8','9.8.2'
'4823','9','9.9',' '
'4824','9','9.9',' '
'4826','9','9.9',' '
'4921','9','9.9',' '
'4922','9','9.9',' '
'4923','9','9.9',' '
'1733','9','9.10','9.10.1'
'4573','9','9.10','9.10.1'
'1735','9','9.10','9.10.2'
'4575','9','9.10','9.10.2'
'1736','9','9.10','9.10.3'
'4576','9','9.10','9.10.3'
'4840','9','9.10','9.10.4'
'4841','9','9.10','9.10.4'
'4842','9','9.10','9.10.4'
'4843','9','9.10','9.10.4'
'4849','9','9.10','9.10.4'
'485 ','9','9.10','9.10.4'
'4850','9','9.10','9.10.4'
'4851','9','9.10','9.10.4'
'4852','9','9.10','9.10.4'
'4859','9','9.10','9.10.4'
'4861','9','9.10','9.10.4'
'4862','9','9.10','9.10.4'
'4863','9','9.10','9.10.4'
'4864','9','9.10','9.10.4'
'4865','9','9.10','9.10.4'
'4866','9','9.10','9.10.4'
'4869','9','9.10','9.10.4'
'1731','9','9.10','9.10.5'
'1732','9','9.10','9.10.5'
'1734','9','9.10','9.10.5'
'1739','9','9.10','9.10.5'
'4571','9','9.10','9.10.5'
'4572','9','9.10','9.10.5'
'4574','9','9.10','9.10.5'
'4579','9','9.10','9.10.5'
'458 ','9','9.10','9.10.5'
'4581','9','9.10','9.10.5'
'4582','9','9.10','9.10.5'
'4583','9','9.10','9.10.5'
'4541','9','9.11',' '
'470 ','9','9.12',' '
'4701','9','9.12',' '
'4709','9','9.12',' '
'471 ','9','9.12',' '
'4711','9','9.12',' '
'4719','9','9.12',' '
'4941','9','9.13',' '
'4942','9','9.13',' '
'4943','9','9.13',' '
'4944','9','9.13',' '
'4945','9','9.13',' '
'4946','9','9.13',' '
'4947','9','9.13',' '
'4949','9','9.13',' '
'5110','9','9.14',' '
'5111','9','9.14',' '
'5197','9','9.14',' '
'5213','9','9.14',' '
'5291','9','9.14',' '
'5011','9','9.15',' '
'5012','9','9.15',' '
'5013','9','9.15',' '
'5121','9','9.16','9.16.1'
'5122','9','9.16','9.16.1'
'5123','9','9.16','9.16.2'
'5124','9','9.16','9.16.2'
'5141','9','9.16','9.16.3'
'5142','9','9.16','9.16.3'
'5143','9','9.16','9.16.3'
'5149','9','9.16','9.16.3'
'5151','9','9.16','9.16.3'
'5159','9','9.16','9.16.3'
'1711','9','9.17','9.17.1'
'1712','9','9.17','9.17.1'
'1713','9','9.17','9.17.1'
'1721','9','9.17','9.17.1'
'1722','9','9.17','9.17.1'
'1723','9','9.17','9.17.1'
'1724','9','9.17','9.17.1'
'5300','9','9.17','9.17.1'
'5301','9','9.17','9.17.1'
'5302','9','9.17','9.17.1'
'5303','9','9.17','9.17.1'
'5304','9','9.17','9.17.1'
'5305','9','9.17','9.17.1'
'5310','9','9.17','9.17.2'
'5311','9','9.17','9.17.2'
'5312','9','9.17','9.17.2'
'5313','9','9.17','9.17.2'
'5314','9','9.17','9.17.2'
'5315','9','9.17','9.17.2'
'5316','9','9.17','9.17.2'
'5317','9','9.17','9.17.2'
'5321','9','9.17','9.17.3'
'5329','9','9.17','9.17.3'
'5331','9','9.17','9.17.3'
'5339','9','9.17','9.17.3'
'5341','9','9.18','9.18.1'
'5342','9','9.18','9.18.1'
'5343','9','9.18','9.18.1'
'5349','9','9.18','9.18.1'
'5351','9','9.18','9.18.2'
'5361','9','9.18','9.18.2'
'5362','9','9.18','9.18.2'
'5359','9','9.18','9.18.3'
'5363','9','9.18','9.18.3'
'5369','9','9.18','9.18.3'
'537 ','9','9.18','9.18.4'
'5371','9','9.18','9.18.4'
'5372','9','9.18','9.18.4'
'5375','9','9.18','9.18.4'
'5380','9','9.18','9.18.4'
'5381','9','9.18','9.18.4'
'5382','9','9.18','9.18.4'
'5383','9','9.18','9.18.4'
'5384','9','9.18','9.18.4'
'539 ','9','9.18','9.18.4'
'5421','9','9.19',' '
'5491','9','9.20',' '
'5411','9','9.21',' '
'545 ','9','9.22',' '
'5451','9','9.22',' '
'5459','9','9.22',' '
'5498','9','9.23',' '
'4411','9','9.24',' '
'4412','9','9.24',' '
'4415','9','9.24',' '
'4419','9','9.24',' '
'4511','9','9.24',' '
'4512','9','9.24',' '
'4515','9','9.24',' '
'4519','9','9.24',' '
'4521','9','9.24',' '
'4522','9','9.24',' '
'4526','9','9.24',' '
'4527','9','9.24',' '
'4528','9','9.24',' '
'4529','9','9.24',' '
'4821','9','9.24',' '
'4822','9','9.24',' '
'4825','9','9.24',' '
'4829','9','9.24',' '
'4929','9','9.24',' '
'4233','9','9.25',' '
'4281','9','9.25',' '
'4341','9','9.25',' '
'4422','9','9.25',' '
'4443','9','9.25',' '
'4444','9','9.25',' '
'4449','9','9.25',' '
'4462','9','9.25',' '
'4493','9','9.25',' '
'4494','9','9.25',' '
'9606','9','9.25',' '
'9631','9','9.25',' '
'9632','9','9.25',' '
'9633','9','9.25',' '
'9634','9','9.25',' '
'9635','9','9.25',' '
'9701','9','9.25',' '
'9702','9','9.25',' '
'9751','9','9.25',' '
'4201','9','9.26',' '
'4209','9','9.26',' '
'4210','9','9.26',' '
'4211','9','9.26',' '
'4212','9','9.26',' '
'4219','9','9.26',' '
'4231','9','9.26',' '
'4232','9','9.26',' '
'4239','9','9.26',' '
'4240','9','9.26',' '
'4241','9','9.26',' '
'4242','9','9.26',' '
'4251','9','9.26',' '
'4252','9','9.26',' '
'4253','9','9.26',' '
'4254','9','9.26',' '
'4255','9','9.26',' '
'4256','9','9.26',' '
'4258','9','9.26',' '
'4259','9','9.26',' '
'4261','9','9.26',' '
'4262','9','9.26',' '
'4263','9','9.26',' '
'4264','9','9.26',' '
'4265','9','9.26',' '
'4266','9','9.26',' '
'4268','9','9.26',' '
'4269','9','9.26',' '
'427 ','9','9.26',' '
'4282','9','9.26',' '
'4283','9','9.26',' '
'4284','9','9.26',' '
'4285','9','9.26',' '
'4286','9','9.26',' '
'4287','9','9.26',' '
'4289','9','9.26',' '
'4299','9','9.26',' '
'430 ','9','9.26',' '
'433 ','9','9.26',' '
'4342','9','9.26',' '
'4349','9','9.26',' '
'4400','9','9.26',' '
'4401','9','9.26',' '
'4402','9','9.26',' '
'4403','9','9.26',' '
'442 ','9','9.26',' '
'4421','9','9.26',' '
'4429','9','9.26',' '
'4431','9','9.26',' '
'4438','9','9.26',' '
'4439','9','9.26',' '
'4440','9','9.26',' '
'4441','9','9.26',' '
'4442','9','9.26',' '
'445 ','9','9.26',' '
'4461','9','9.26',' '
'4463','9','9.26',' '
'4464','9','9.26',' '
'4465','9','9.26',' '
'4466','9','9.26',' '
'4467','9','9.26',' '
'4468','9','9.26',' '
'4469','9','9.26',' '
'4491','9','9.26',' '
'4492','9','9.26',' '
'4495','9','9.26',' '
'4496','9','9.26',' '
'4497','9','9.26',' '
'4498','9','9.26',' '
'4499','9','9.26',' '
'4530','9','9.27',' '
'4542','9','9.27',' '
'4543','9','9.27',' '
'4685','9','9.27',' '
'4686','9','9.27',' '
'4687','9','9.27',' '
'4695','9','9.27',' '
'4696','9','9.27',' '
'4831','9','9.27',' '
'4832','9','9.27',' '
'4833','9','9.27',' '
'4834','9','9.27',' '
'4836','9','9.27',' '
'4903','9','9.27',' '
'4931','9','9.27',' '
'9609','9','9.27',' '
'9619','9','9.27',' '
'9622','9','9.27',' '
'9623','9','9.27',' '
'9626','9','9.27',' '
'9629','9','9.27',' '
'9637','9','9.27',' '
'9638','9','9.27',' '
'9639','9','9.27',' '
'9703','9','9.27',' '
'9704','9','9.27',' '
'9752','9','9.27',' '
'9753','9','9.27',' '
'9993','9','9.27',' '
'4975','9','9.28',' '
'4976','9','9.28',' '
'4652','9','9.28','9.28.1'
'4835','9','9.28','9.28.2'
'4881','9','9.28','9.28.3'
'4901','9','9.28','9.28.4'
'4911','9','9.28','9.28.5'
'4912','9','9.28','9.28.5'
'4500','9','9.28','9.28.6'
'4501','9','9.28','9.28.6'
'4502','9','9.28','9.28.6'
'4503','9','9.28','9.28.6'
'4531','9','9.28','9.28.6'
'4532','9','9.28','9.28.6'
'4533','9','9.28','9.28.6'
'4534','9','9.28','9.28.6'
'4549','9','9.28','9.28.6'
'4550','9','9.28','9.28.6'
'4551','9','9.28','9.28.6'
'4552','9','9.28','9.28.6'
'4590','9','9.28','9.28.6'
'4591','9','9.28','9.28.6'
'4592','9','9.28','9.28.6'
'4593','9','9.28','9.28.6'
'4594','9','9.28','9.28.6'
'4595','9','9.28','9.28.6'
'4601','9','9.28','9.28.6'
'4602','9','9.28','9.28.6'
'4603','9','9.28','9.28.6'
'4604','9','9.28','9.28.6'
'4640','9','9.28','9.28.6'
'4641','9','9.28','9.28.6'
'4642','9','9.28','9.28.6'
'4643','9','9.28','9.28.6'
'4650','9','9.28','9.28.6'
'4651','9','9.28','9.28.6'
'4660','9','9.28','9.28.6'
'4661','9','9.28','9.28.6'
'4662','9','9.28','9.28.6'
'4663','9','9.28','9.28.6'
'4664','9','9.28','9.28.6'
'4671','9','9.28','9.28.6'
'4672','9','9.28','9.28.6'
'4673','9','9.28','9.28.6'
'4674','9','9.28','9.28.6'
'4675','9','9.28','9.28.6'
'4676','9','9.28','9.28.6'
'4679','9','9.28','9.28.6'
'4680','9','9.28','9.28.6'
'4681','9','9.28','9.28.6'
'4682','9','9.28','9.28.6'
'4691','9','9.28','9.28.6'
'4692','9','9.28','9.28.6'
'4693','9','9.28','9.28.6'
'4694','9','9.28','9.28.6'
'4699','9','9.28','9.28.6'
'472 ','9','9.28','9.28.6'
'4791','9','9.28','9.28.6'
'4792','9','9.28','9.28.6'
'4799','9','9.28','9.28.6'
'480 ','9','9.28','9.28.6'
'481 ','9','9.28','9.28.6'
'4871','9','9.28','9.28.6'
'4872','9','9.28','9.28.6'
'4873','9','9.28','9.28.6'
'4874','9','9.28','9.28.6'
'4875','9','9.28','9.28.6'
'4876','9','9.28','9.28.6'
'4879','9','9.28','9.28.6'
'4882','9','9.28','9.28.6'
'4891','9','9.28','9.28.6'
'4892','9','9.28','9.28.6'
'4893','9','9.28','9.28.6'
'4899','9','9.28','9.28.6'
'4902','9','9.28','9.28.6'
'4904','9','9.28','9.28.6'
'493 ','9','9.28','9.28.6'
'4939','9','9.28','9.28.6'
'4951','9','9.28','9.28.6'
'4952','9','9.28','9.28.6'
'4959','9','9.28','9.28.6'
'496 ','9','9.28','9.28.6'
'4971','9','9.28','9.28.6'
'4972','9','9.28','9.28.6'
'4973','9','9.28','9.28.6'
'4974','9','9.28','9.28.6'
'4979','9','9.28','9.28.6'
'4991','9','9.28','9.28.6'
'4992','9','9.28','9.28.6'
'4993','9','9.28','9.28.6'
'4994','9','9.28','9.28.6'
'4995','9','9.28','9.28.6'
'4999','9','9.28','9.28.6'
'4221','9','9.29',' '
'4222','9','9.29',' '
'4225','9','9.29',' '
'4229','9','9.29',' '
'5014','9','9.29',' '
'5019','9','9.29',' '
'5112','9','9.29',' '
'5113','9','9.29',' '
'5114','9','9.29',' '
'5115','9','9.29',' '
'5119','9','9.29',' '
'5211','9','9.29',' '
'5212','9','9.29',' '
'5214','9','9.29',' '
'5219','9','9.29',' '
'5422','9','9.29',' '
'5423','9','9.29',' '
'5424','9','9.29',' '
'5425','9','9.29',' '
'5429','9','9.29',' '
'5091','9','9.30',' '
'5092','9','9.30',' '
'5093','9','9.30',' '
'5094','9','9.30',' '
'5099','9','9.30',' '
'5101','9','9.30',' '
'5164','9','9.30',' '
'5184','9','9.30',' '
'5185','9','9.30',' '
'5186','9','9.30',' '
'5187','9','9.30',' '
'5188','9','9.30',' '
'5196','9','9.30',' '
'5198','9','9.30',' '
'5221','9','9.30',' '
'5293','9','9.30',' '
'5294','9','9.30',' '
'5297','9','9.30',' '
'5298','9','9.30',' '
'5496','9','9.30',' '
'5497','9','9.30',' '
'5499','9','9.30',' '
'9608','9','9.30',' '
'9624','9','9.30',' '
'9627','9','9.30',' '
'9628','9','9.30',' '
'9636','9','9.30',' '
'9641','9','9.30',' '
'9642','9','9.30',' '
'9643','9','9.30',' '
'9705','9','9.30',' '
'9754','9','9.30',' '
'9755','9','9.30',' '
'9756','9','9.30',' '
'9759','9','9.30',' '
'9782','9','9.30',' '
'9786','9','9.30',' '
'1763','9','9.31',' '
'527 ','9','9.31','9.31.1'
'540 ','9','9.31','9.31.2'
'544 ','9','9.31','9.31.3'
'5493','9','9.31','9.31.4'
'500 ','9','9.31','9.31.5'
'5021','9','9.31','9.31.5'
'5022','9','9.31','9.31.5'
'5023','9','9.31','9.31.5'
'5024','9','9.31','9.31.5'
'5025','9','9.31','9.31.5'
'5026','9','9.31','9.31.5'
'5029','9','9.31','9.31.5'
'503 ','9','9.31','9.31.5'
'504 ','9','9.31','9.31.5'
'5061','9','9.31','9.31.5'
'5069','9','9.31','9.31.5'
'5102','9','9.31','9.31.5'
'5103','9','9.31','9.31.5'
'5104','9','9.31','9.31.5'
'5131','9','9.31','9.31.5'
'5132','9','9.31','9.31.5'
'5133','9','9.31','9.31.5'
'5134','9','9.31','9.31.5'
'5135','9','9.31','9.31.5'
'5136','9','9.31','9.31.5'
'5137','9','9.31','9.31.5'
'5139','9','9.31','9.31.5'
'5161','9','9.31','9.31.5'
'5162','9','9.31','9.31.5'
'5163','9','9.31','9.31.5'
'5169','9','9.31','9.31.5'
'5171','9','9.31','9.31.5'
'5172','9','9.31','9.31.5'
'5179','9','9.31','9.31.5'
'5181','9','9.31','9.31.5'
'5182','9','9.31','9.31.5'
'5183','9','9.31','9.31.5'
'5189','9','9.31','9.31.5'
'5191','9','9.31','9.31.5'
'5192','9','9.31','9.31.5'
'5193','9','9.31','9.31.5'
'5194','9','9.31','9.31.5'
'5195','9','9.31','9.31.5'
'5199','9','9.31','9.31.5'
'5201','9','9.31','9.31.5'
'5209','9','9.31','9.31.5'
'522 ','9','9.31','9.31.5'
'5222','9','9.31','9.31.5'
'523 ','9','9.31','9.31.5'
'524 ','9','9.31','9.31.5'
'5251','9','9.31','9.31.5'
'5252','9','9.31','9.31.5'
'5253','9','9.31','9.31.5'
'5259','9','9.31','9.31.5'
'526 ','9','9.31','9.31.5'
'5292','9','9.31','9.31.5'
'5295','9','9.31','9.31.5'
'5296','9','9.31','9.31.5'
'5299','9','9.31','9.31.5'
'5412','9','9.31','9.31.5'
'5419','9','9.31','9.31.5'
'543 ','9','9.31','9.31.5'
'5461','9','9.31','9.31.5'
'5462','9','9.31','9.31.5'
'5463','9','9.31','9.31.5'
'5464','9','9.31','9.31.5'
'5471','9','9.31','9.31.5'
'5472','9','9.31','9.31.5'
'5473','9','9.31','9.31.5'
'5474','9','9.31','9.31.5'
'5475','9','9.31','9.31.5'
'5492','9','9.31','9.31.5'
'5494','9','9.31','9.31.5'
'5495','9','9.31','9.31.5'
'5521','10','10.1','10.1.1'
'5522','10','10.1','10.1.1'
'5631','10','10.1','10.1.1'
'5633','10','10.1','10.1.1'
'5732','10','10.1','10.1.1'
'5733','10','10.1','10.1.1'
'5822','10','10.1','10.1.1'
'5823','10','10.1','10.1.1'
'560 ','10','10.1','10.1.2'
'570 ','10','10.1','10.1.2'
'5741','10','10.1','10.1.2'
'5749','10','10.1','10.1.2'
'598 ','10','10.1','10.1.3'
'5501','10','10.2',' '
'5502','10','10.2',' '
'5503','10','10.2',' '
'5504','10','10.2',' '
'5511','10','10.2',' '
'5512','10','10.2',' '
'554 ','10','10.3',' '
'5551','10','10.3',' '
'5552','10','10.3',' '
'5553','10','10.3',' '
'5554','10','10.3',' '
'5561','10','10.4',' '
'5569','10','10.4',' '
'593 ','10','10.5',' '
'594 ','10','10.5',' '
'595 ','10','10.5',' '
'596 ','10','10.5',' '
'5971','10','10.5',' '
'5972','10','10.5',' '
'5979','10','10.5',' '
'5995','10','10.6',' '
'5996','10','10.6',' '
'9851','10','10.6',' '
'5794','10','10.7',' '
'580 ','10','10.8',' '
'581 ','10','10.8',' '
'583 ','10','10.8',' '
'5831','10','10.8',' '
'5839','10','10.8',' '
'5841','10','10.8',' '
'5842','10','10.8',' '
'5843','10','10.8',' '
'5844','10','10.8',' '
'5845','10','10.8',' '
'5846','10','10.8',' '
'5847','10','10.8',' '
'5849','10','10.8',' '
'585 ','10','10.8',' '
'586 ','10','10.8',' '
'5891','10','10.8',' '
'5892','10','10.8',' '
'5893','10','10.8',' '
'5899','10','10.8',' '
'5523','10','10.9',' '
'5524','10','10.9',' '
'5529','10','10.9',' '
'5632','10','10.9',' '
'5634','10','10.9',' '
'5635','10','10.9',' '
'5639','10','10.9',' '
'5731','10','10.9',' '
'5734','10','10.9',' '
'5739','10','10.9',' '
'5821','10','10.9',' '
'5824','10','10.9',' '
'5829','10','10.9',' '
'5921','10','10.9',' '
'5929','10','10.9',' '
'5592','10','10.10',' '
'5593','10','10.10',' '
'5594','10','10.10',' '
'5595','10','10.10',' '
'5596','10','10.10',' '
'5691','10','10.10',' '
'5711','10','10.10',' '
'5717','10','10.10',' '
'5792','10','10.10',' '
'5795','10','10.10',' '
'5993','10','10.10',' '
'5994','10','10.10',' '
'5999','10','10.10',' '
'9625','10','10.10',' '
'9645','10','10.10',' '
'9646','10','10.10',' '
'9647','10','10.10',' '
'9648','10','10.10',' '
'9649','10','10.10',' '
'9761','10','10.10',' '
'9762','10','10.10',' '
'9763','10','10.10',' '
'9764','10','10.10',' '
'9765','10','10.10',' '
'9769','10','10.10',' '
'5531','10','10.11',' '
'5532','10','10.11',' '
'5533','10','10.11',' '
'5534','10','10.11',' '
'5535','10','10.11',' '
'5539','10','10.11',' '
'557 ','10','10.11',' '
'5581','10','10.11',' '
'5582','10','10.11',' '
'5583','10','10.11',' '
'5584','10','10.11',' '
'5585','10','10.11',' '
'5586','10','10.11',' '
'5587','10','10.11',' '
'5589','10','10.11',' '
'5591','10','10.11',' '
'5597','10','10.11',' '
'5598','10','10.11',' '
'5599','10','10.11',' '
'561 ','10','10.11',' '
'562 ','10','10.11',' '
'5640','10','10.11',' '
'5641','10','10.11',' '
'5642','10','10.11',' '
'5651','10','10.11',' '
'5652','10','10.11',' '
'5661','10','10.11',' '
'5662','10','10.11',' '
'5671','10','10.11',' '
'5672','10','10.11',' '
'5673','10','10.11',' '
'5674','10','10.11',' '
'5675','10','10.11',' '
'5679','10','10.11',' '
'5681','10','10.11',' '
'5682','10','10.11',' '
'5683','10','10.11',' '
'5684','10','10.11',' '
'5685','10','10.11',' '
'5686','10','10.11',' '
'5689','10','10.11',' '
'5692','10','10.11',' '
'5693','10','10.11',' '
'5694','10','10.11',' '
'5695','10','10.11',' '
'5699','10','10.11',' '
'5712','10','10.11',' '
'5718','10','10.11',' '
'5719','10','10.11',' '
'5721','10','10.11',' '
'5722','10','10.11',' '
'5751','10','10.11',' '
'5759','10','10.11',' '
'576 ','10','10.11',' '
'5771','10','10.11',' '
'5779','10','10.11',' '
'5781','10','10.11',' '
'5782','10','10.11',' '
'5783','10','10.11',' '
'5784','10','10.11',' '
'5785','10','10.11',' '
'5786','10','10.11',' '
'5787','10','10.11',' '
'5788','10','10.11',' '
'5789','10','10.11',' '
'5791','10','10.11',' '
'5793','10','10.11',' '
'5796','10','10.11',' '
'5797','10','10.11',' '
'5798','10','10.11',' '
'5799','10','10.11',' '
'5900','10','10.11',' '
'5901','10','10.11',' '
'5902','10','10.11',' '
'5903','10','10.11',' '
'5909','10','10.11',' '
'5911','10','10.11',' '
'5912','10','10.11',' '
'5919','10','10.11',' '
'5991','10','10.11',' '
'5992','10','10.11',' '
'602 ','11','11.1',' '
'6021','11','11.1',' '
'6029','11','11.1',' '
'6096','11','11.1',' '
'6097','11','11.1',' '
'603 ','11','11.2',' '
'604 ','11','11.2',' '
'605 ','11','11.2',' '
'6061','11','11.2',' '
'6062','11','11.2',' '
'6069','11','11.2',' '
'640 ','11','11.3',' '
'6011','11','11.4',' '
'6012','11','11.4',' '
'6013','11','11.4',' '
'6014','11','11.4',' '
'6015','11','11.4',' '
'6018','11','11.4',' '
'6019','11','11.4',' '
'6111','11','11.4',' '
'6119','11','11.4',' '
'6211','11','11.4',' '
'6212','11','11.4',' '
'6219','11','11.4',' '
'6301','11','11.4',' '
'6309','11','11.4',' '
'6411','11','11.4',' '
'6419','11','11.4',' '
'6071','11','11.5',' '
'6091','11','11.5',' '
'6092','11','11.5',' '
'6095','11','11.5',' '
'610 ','11','11.5',' '
'613 ','11','11.5',' '
'6141','11','11.5',' '
'6191','11','11.5',' '
'6291','11','11.5',' '
'6292','11','11.5',' '
'6352','11','11.5',' '
'636 ','11','11.5',' '
'6370','11','11.5',' '
'6371','11','11.5',' '
'6372','11','11.5',' '
'6373','11','11.5',' '
'6384','11','11.5',' '
'6391','11','11.5',' '
'6491','11','11.5',' '
'6494','11','11.5',' '
'9994','11','11.5',' '
'9995','11','11.5',' '
'9996','11','11.5',' '
'6497','11','11.6',' '
'623 ','11','11.6','11.6.1'
'6241','11','11.6','11.6.2'
'625 ','11','11.6','11.6.3'
'6495','11','11.6','11.6.4'
'600 ','11','11.6','11.6.5'
'6072','11','11.6','11.6.5'
'6073','11','11.6','11.6.5'
'6079','11','11.6','11.6.5'
'6081','11','11.6','11.6.5'
'6082','11','11.6','11.6.5'
'6093','11','11.6','11.6.5'
'6094','11','11.6','11.6.5'
'6099','11','11.6','11.6.5'
'612 ','11','11.6','11.6.5'
'6142','11','11.6','11.6.5'
'6149','11','11.6','11.6.5'
'6192','11','11.6','11.6.5'
'6199','11','11.6','11.6.5'
'620 ','11','11.6','11.6.5'
'622 ','11','11.6','11.6.5'
'6242','11','11.6','11.6.5'
'6261','11','11.6','11.6.5'
'6269','11','11.6','11.6.5'
'627 ','11','11.6','11.6.5'
'6299','11','11.6','11.6.5'
'631 ','11','11.6','11.6.5'
'632 ','11','11.6','11.6.5'
'633 ','11','11.6','11.6.5'
'634 ','11','11.6','11.6.5'
'6351','11','11.6','11.6.5'
'6353','11','11.6','11.6.5'
'6359','11','11.6','11.6.5'
'6381','11','11.6','11.6.5'
'6382','11','11.6','11.6.5'
'6383','11','11.6','11.6.5'
'6385','11','11.6','11.6.5'
'6389','11','11.6','11.6.5'
'6392','11','11.6','11.6.5'
'6393','11','11.6','11.6.5'
'6394','11','11.6','11.6.5'
'6395','11','11.6','11.6.5'
'6399','11','11.6','11.6.5'
'642 ','11','11.6','11.6.5'
'643 ','11','11.6','11.6.5'
'6441','11','11.6','11.6.5'
'6442','11','11.6','11.6.5'
'6443','11','11.6','11.6.5'
'6444','11','11.6','11.6.5'
'6445','11','11.6','11.6.5'
'6449','11','11.6','11.6.5'
'645 ','11','11.6','11.6.5'
'6492','11','11.6','11.6.5'
'6493','11','11.6','11.6.5'
'6496','11','11.6','11.6.5'
'6498','11','11.6','11.6.5'
'6499','11','11.6','11.6.5'
'653 ','12','12.1',' '
'6531','12','12.1',' '
'6539','12','12.1',' '
'654 ','12','12.1',' '
'6541','12','12.1',' '
'6549','12','12.1',' '
'6551','12','12.1',' '
'6552','12','12.1',' '
'6553','12','12.1',' '
'6554','12','12.1',' '
'6561','12','12.1',' '
'6562','12','12.1',' '
'6563','12','12.1',' '
'6564','12','12.1',' '
'650 ','12','12.2',' '
'6501','12','12.2',' '
'6509','12','12.2',' '
'6521','12','12.2',' '
'6522','12','12.2',' '
'6523','12','12.2',' '
'6524','12','12.2',' '
'6525','12','12.2',' '
'6529','12','12.2',' '
'6571','12','12.2',' '
'6572','12','12.2',' '
'6573','12','12.2',' '
'6574','12','12.2',' '
'6575','12','12.2',' '
'6576','12','12.2',' '
'6579','12','12.2',' '
'658 ','12','12.2',' '
'6581','12','12.2',' '
'6589','12','12.2',' '
'6591','12','12.2',' '
'6592','12','12.2',' '
'6593','12','12.2',' '
'6594','12','12.2',' '
'6595','12','12.2',' '
'6599','12','12.2',' '
'6621','12','12.3',' '
'6622','12','12.3',' '
'6629','12','12.3',' '
'6631','12','12.3',' '
'6632','12','12.3',' '
'6639','12','12.3',' '
'664 ','12','12.4',' '
'6651','12','12.4',' '
'6652','12','12.4',' '
'6661','12','12.4',' '
'6663','12','12.4',' '
'6669','12','12.4',' '
'6671','12','12.4',' '
'6672','12','12.4',' '
'6673','12','12.4',' '
'6674','12','12.4',' '
'6679','12','12.4',' '
'668 ','12','12.4',' '
'6691','12','12.4',' '
'6692','12','12.4',' '
'6693','12','12.4',' '
'6694','12','12.4',' '
'6695','12','12.4',' '
'6696','12','12.4',' '
'6697','12','12.4',' '
'6699','12','12.4',' '
'684 ','12','12.5','12.5.1'
'6841','12','12.5','12.5.1'
'6849','12','12.5','12.5.1'
'6861','12','12.5','12.5.1'
'6869','12','12.5','12.5.1'
'685 ','12','12.5','12.5.2'
'6851','12','12.5','12.5.2'
'6859','12','12.5','12.5.2'
'6871','12','12.5','12.5.2'
'6879','12','12.5','12.5.2'
'683 ','12','12.5','12.5.3'
'6831','12','12.5','12.5.3'
'6839','12','12.5','12.5.3'
'686 ','12','12.5','12.5.3'
'687 ','12','12.5','12.5.3'
'689 ','12','12.5','12.5.3'
'672 ','12','12.6',' '
'6731','12','12.6',' '
'6732','12','12.6',' '
'6733','12','12.6',' '
'6739','12','12.6',' '
'674 ','12','12.6',' '
'6821','12','12.6',' '
'6822','12','12.6',' '
'6823','12','12.6',' '
'6829','12','12.6',' '
'6919','12','12.6',' '
'6901','12','12.7',' '
'6951','12','12.7',' '
'7491','12','12.7',' '
'750 ','12','12.7',' '
'6902','12','12.8',' '
'6952','12','12.8',' '
'6909','12','12.9',' '
'7050','12','12.10',' '
'7051','12','12.10',' '
'7052','12','12.10',' '
'7053','12','12.10',' '
'7054','12','12.10',' '
'7055','12','12.10',' '
'708 ','12','12.10',' '
'6511','12','12.11',' '
'6512','12','12.11',' '
'6513','12','12.11',' '
'6514','12','12.11',' '
'6519','12','12.11',' '
'6611','12','12.11',' '
'6619','12','12.11',' '
'6711','12','12.11',' '
'6712','12','12.11',' '
'6719','12','12.11',' '
'6811','12','12.11',' '
'6812','12','12.11',' '
'6813','12','12.11',' '
'6814','12','12.11',' '
'6815','12','12.11',' '
'6816','12','12.11',' '
'6819','12','12.11',' '
'7021','12','12.11',' '
'7022','12','12.11',' '
'7023','12','12.11',' '
'7024','12','12.11',' '
'7029','12','12.11',' '
'7111','12','12.11',' '
'7119','12','12.11',' '
'670 ','12','12.12',' '
'6959','12','12.12',' '
'696 ','12','12.12',' '
'697 ','12','12.12',' '
'6991','12','12.12',' '
'6992','12','12.12',' '
'6993','12','12.12',' '
'6994','12','12.12',' '
'6996','12','12.12',' '
'700 ','12','12.12',' '
'7011','12','12.12',' '
'7121','12','12.12',' '
'9614','12','12.12',' '
'9615','12','12.12',' '
'9616','12','12.12',' '
'9617','12','12.12',' '
'9618','12','12.12',' '
'9644','12','12.12',' '
'9724','12','12.12',' '
'9725','12','12.12',' '
'9726','12','12.12',' '
'9771','12','12.12',' '
'9772','12','12.12',' '
'9773','12','12.12',' '
'9774','12','12.12',' '
'9775','12','12.12',' '
'660 ','12','12.13',' '
'6601','12','12.13',' '
'6602','12','12.13',' '
'675 ','12','12.13',' '
'6761','12','12.13',' '
'6762','12','12.13',' '
'6769','12','12.13',' '
'680 ','12','12.13',' '
'688 ','12','12.13',' '
'6921','12','12.13',' '
'6922','12','12.13',' '
'6923','12','12.13',' '
'6929','12','12.13',' '
'693 ','12','12.13',' '
'6941','12','12.13',' '
'6942','12','12.13',' '
'6949','12','12.13',' '
'6995','12','12.13',' '
'6997','12','12.13',' '
'6998','12','12.13',' '
'6999','12','12.13',' '
'7012','12','12.13',' '
'7013','12','12.13',' '
'7014','12','12.13',' '
'7031','12','12.13',' '
'7032','12','12.13',' '
'7033','12','12.13',' '
'704 ','12','12.13',' '
'7061','12','12.13',' '
'7062','12','12.13',' '
'7063','12','12.13',' '
'7064','12','12.13',' '
'7071','12','12.13',' '
'7072','12','12.13',' '
'7073','12','12.13',' '
'7074','12','12.13',' '
'7075','12','12.13',' '
'7076','12','12.13',' '
'7077','12','12.13',' '
'7078','12','12.13',' '
'7079','12','12.13',' '
'7091','12','12.13',' '
'7092','12','12.13',' '
'7093','12','12.13',' '
'7094','12','12.13',' '
'7095','12','12.13',' '
'7101','12','12.13',' '
'7109','12','12.13',' '
'7122','12','12.13',' '
'7123','12','12.13',' '
'7124','12','12.13',' '
'7129','12','12.13',' '
'713 ','12','12.13',' '
'714 ','12','12.13',' '
'715 ','12','12.13',' '
'7161','12','12.13',' '
'7162','12','12.13',' '
'7171','12','12.13',' '
'7172','12','12.13',' '
'7179','12','12.13',' '
'718 ','12','12.13',' '
'719 ','12','12.13',' '
'736 ','13','13.1',' '
'740 ','13','13.2',' '
'741 ','13','13.2',' '
'742 ','13','13.2',' '
'744 ','13','13.2',' '
'7499','13','13.2',' '
'721 ','13','13.3','13.3.1'
'7271','13','13.3','13.3.2'
'7279','13','13.3','13.3.3'
'720 ','13','13.3','13.3.4'
'7221','13','13.3','13.3.4'
'7229','13','13.3','13.3.4'
'7231','13','13.3','13.3.4'
'7239','13','13.3','13.3.4'
'724 ','13','13.3','13.3.4'
'7251','13','13.3','13.3.4'
'7252','13','13.3','13.3.4'
'7253','13','13.3','13.3.4'
'7254','13','13.3','13.3.4'
'726 ','13','13.3','13.3.4'
'728 ','13','13.3','13.3.4'
'729 ','13','13.3','13.3.4'
'733 ','13','13.3','13.3.4'
'7301','13','13.4','13.4.1'
'7309','13','13.4','13.4.2'
'734 ','13','13.5','13.5.2'
'7359','13','13.5','13.5.3'
'731 ','13','13.5','13.5.4'
'7321','13','13.5','13.5.4'
'7322','13','13.5','13.5.4'
'7351','13','13.5','13.5.4'
'738 ','13','13.5','13.5.4'
'7391','13','13.5','13.5.4'
'7392','13','13.5','13.5.4'
'7393','13','13.5','13.5.4'
'7394','13','13.5','13.5.4'
'7399','13','13.5','13.5.4'
'751 ','13','13.6',' '
'7531','13','13.7',' '
'7532','13','13.7',' '
'7533','13','13.7',' '
'7534','13','13.7',' '
'7535','13','13.7',' '
'7538','13','13.7',' '
'7550','13','13.8','13.8.1'
'7551','13','13.8','13.8.1'
'7552','13','13.8','13.8.1'
'7561','13','13.8','13.8.2'
'7562','13','13.8','13.8.3'
'7569','13','13.8','13.8.4'
'6751','13','13.9',' '
'6759','13','13.9',' '
'752 ','13','13.9',' '
'7536','13','13.9',' '
'7537','13','13.9',' '
'754 ','13','13.9',' '
'757 ','13','13.9',' '
'758 ','13','13.9',' '
'7591','13','13.9',' '
'7592','13','13.9',' '
'7593','13','13.9',' '
'7594','13','13.9',' '
'7599','13','13.9',' '
'6662','13','13.10',' '
'6911','13','13.10',' '
'743 ','13','13.10',' '
'7601','14','14.1',' '
'762 ','14','14.1',' '
'7631','14','14.1',' '
'7639','14','14.1',' '
'7760','14','14.1',' '
'7761','14','14.1',' '
'7762','14','14.1',' '
'7763','14','14.1',' '
'7764','14','14.1',' '
'7765','14','14.1',' '
'7766','14','14.1',' '
'7767','14','14.1',' '
'7768','14','14.1',' '
'7769','14','14.1',' '
'7770','14','14.1',' '
'7771','14','14.1',' '
'7772','14','14.1',' '
'7773','14','14.1',' '
'7774','14','14.1',' '
'7775','14','14.1',' '
'7776','14','14.1',' '
'7777','14','14.1',' '
'7778','14','14.1',' '
'7779','14','14.1',' '
'7780','14','14.1',' '
'7781','14','14.1',' '
'7782','14','14.1',' '
'7783','14','14.1',' '
'7784','14','14.1',' '
'7785','14','14.1',' '
'7786','14','14.1',' '
'7787','14','14.1',' '
'7788','14','14.1',' '
'7789','14','14.1',' '
'7751','14','14.2',' '
'7752','14','14.2',' '
'7753','14','14.2',' '
'7754','14','14.2',' '
'7756','14','14.2',' '
'7757','14','14.2',' '
'7758','14','14.2',' '
'7759','14','14.2',' '
'7670','14','14.3','14.3.1'
'7671','14','14.3','14.3.1'
'7672','14','14.3','14.3.1'
'7673','14','14.3','14.3.1'
'7674','14','14.3','14.3.1'
'7675','14','14.3','14.3.1'
'7676','14','14.3','14.3.1'
'7677','14','14.3','14.3.1'
'7678','14','14.3','14.3.1'
'7679','14','14.3','14.3.1'
'7693','14','14.3','14.3.1'
'7694','14','14.3','14.3.1'
'7697','14','14.3','14.3.1'
'7699','14','14.3','14.3.1'
'7853','14','14.3','14.3.2'
'7863','14','14.3','14.3.2'
'7902','14','14.3','14.3.2'
'7912','14','14.3','14.3.2'
'7922','14','14.3','14.3.2'
'7932','14','14.3','14.3.2'
'7942','14','14.3','14.3.2'
'7952','14','14.3','14.3.2'
'7962','14','14.3','14.3.2'
'7972','14','14.3','14.3.2'
'7973','14','14.3','14.3.2'
'7982','14','14.3','14.3.2'
'7983','14','14.3','14.3.2'
'7992','14','14.3','14.3.2'
'7855','14','14.3','14.3.3'
'7865','14','14.3','14.3.3'
'7905','14','14.3','14.3.3'
'7915','14','14.3','14.3.3'
'7925','14','14.3','14.3.3'
'7935','14','14.3','14.3.3'
'7945','14','14.3','14.3.3'
'7955','14','14.3','14.3.3'
'7965','14','14.3','14.3.3'
'7975','14','14.3','14.3.3'
'7985','14','14.3','14.3.3'
'7995','14','14.3','14.3.3'
'7856','14','14.3','14.3.4'
'7857','14','14.3','14.3.4'
'7858','14','14.3','14.3.4'
'7866','14','14.3','14.3.4'
'7867','14','14.3','14.3.4'
'7868','14','14.3','14.3.4'
'7906','14','14.3','14.3.4'
'7907','14','14.3','14.3.4'
'7908','14','14.3','14.3.4'
'7916','14','14.3','14.3.4'
'7917','14','14.3','14.3.4'
'7918','14','14.3','14.3.4'
'7926','14','14.3','14.3.4'
'7927','14','14.3','14.3.4'
'7928','14','14.3','14.3.4'
'7936','14','14.3','14.3.4'
'7937','14','14.3','14.3.4'
'7938','14','14.3','14.3.4'
'7946','14','14.3','14.3.4'
'7956','14','14.3','14.3.4'
'7966','14','14.3','14.3.4'
'7967','14','14.3','14.3.4'
'7968','14','14.3','14.3.4'
'7976','14','14.3','14.3.4'
'7977','14','14.3','14.3.4'
'7978','14','14.3','14.3.4'
'7986','14','14.3','14.3.4'
'7987','14','14.3','14.3.4'
'7988','14','14.3','14.3.4'
'7996','14','14.3','14.3.4'
'7997','14','14.3','14.3.4'
'7998','14','14.3','14.3.4'
'7850','14','14.3','14.3.5'
'7851','14','14.3','14.3.5'
'7852','14','14.3','14.3.5'
'7854','14','14.3','14.3.5'
'7859','14','14.3','14.3.5'
'7860','14','14.3','14.3.5'
'7861','14','14.3','14.3.5'
'7862','14','14.3','14.3.5'
'7864','14','14.3','14.3.5'
'7869','14','14.3','14.3.5'
'7900','14','14.3','14.3.5'
'7901','14','14.3','14.3.5'
'7903','14','14.3','14.3.5'
'7904','14','14.3','14.3.5'
'7909','14','14.3','14.3.5'
'7910','14','14.3','14.3.5'
'7911','14','14.3','14.3.5'
'7913','14','14.3','14.3.5'
'7914','14','14.3','14.3.5'
'7919','14','14.3','14.3.5'
'7920','14','14.3','14.3.5'
'7921','14','14.3','14.3.5'
'7923','14','14.3','14.3.5'
'7924','14','14.3','14.3.5'
'7929','14','14.3','14.3.5'
'7930','14','14.3','14.3.5'
'7931','14','14.3','14.3.5'
'7933','14','14.3','14.3.5'
'7934','14','14.3','14.3.5'
'7939','14','14.3','14.3.5'
'7940','14','14.3','14.3.5'
'7941','14','14.3','14.3.5'
'7949','14','14.3','14.3.5'
'7950','14','14.3','14.3.5'
'7951','14','14.3','14.3.5'
'7959','14','14.3','14.3.5'
'7960','14','14.3','14.3.5'
'7961','14','14.3','14.3.5'
'7963','14','14.3','14.3.5'
'7964','14','14.3','14.3.5'
'7969','14','14.3','14.3.5'
'7970','14','14.3','14.3.5'
'7971','14','14.3','14.3.5'
'7974','14','14.3','14.3.5'
'7979','14','14.3','14.3.5'
'7980','14','14.3','14.3.5'
'7981','14','14.3','14.3.5'
'7984','14','14.3','14.3.5'
'7989','14','14.3','14.3.5'
'7990','14','14.3','14.3.5'
'7991','14','14.3','14.3.5'
'7993','14','14.3','14.3.5'
'7994','14','14.3','14.3.5'
'7999','14','14.3','14.3.5'
'8494','14','14.3','14.3.5'
'8026','14','14.4','14.4.1'
'8020','14','14.4','14.4.2'
'8021','14','14.4','14.4.2'
'8022','14','14.4','14.4.2'
'8023','14','14.4','14.4.2'
'8024','14','14.4','14.4.2'
'8025','14','14.4','14.4.2'
'8027','14','14.4','14.4.2'
'8028','14','14.4','14.4.2'
'8029','14','14.4','14.4.2'
'8145','14','14.4','14.4.2'
'8040','14','14.5',' '
'8041','14','14.5',' '
'8042','14','14.5',' '
'8043','14','14.5',' '
'8044','14','14.5',' '
'8045','14','14.5',' '
'8046','14','14.5',' '
'8047','14','14.5',' '
'8048','14','14.5',' '
'8049','14','14.5',' '
'806 ','14','14.6',' '
'0080','14','14.7','14.7.1'
'0081','14','14.7','14.7.1'
'0082','14','14.7','14.7.1'
'0083','14','14.7','14.7.1'
'0084','14','14.7','14.7.1'
'8141','14','14.7','14.7.1'
'8142','14','14.7','14.7.1'
'8143','14','14.7','14.7.1'
'8144','14','14.7','14.7.1'
'8146','14','14.7','14.7.1'
'8147','14','14.7','14.7.1'
'8154','14','14.7','14.7.1'
'8155','14','14.7','14.7.1'
'0070','14','14.7','14.7.2'
'0071','14','14.7','14.7.2'
'0072','14','14.7','14.7.2'
'0073','14','14.7','14.7.2'
'0074','14','14.7','14.7.2'
'0075','14','14.7','14.7.2'
'0076','14','14.7','14.7.2'
'0077','14','14.7','14.7.2'
'0085','14','14.7','14.7.2'
'0086','14','14.7','14.7.2'
'0087','14','14.7','14.7.2'
'8151','14','14.7','14.7.2'
'8152','14','14.7','14.7.2'
'8153','14','14.7','14.7.2'
'8169','14','14.7','14.7.2'
'8148','14','14.7','14.7.3'
'8149','14','14.7','14.7.3'
'8156','14','14.7','14.7.3'
'8157','14','14.7','14.7.3'
'8159','14','14.7','14.7.3'
'8171','14','14.7','14.7.3'
'8172','14','14.7','14.7.3'
'8173','14','14.7','14.7.3'
'8174','14','14.7','14.7.3'
'8175','14','14.7','14.7.3'
'8179','14','14.7','14.7.3'
'8180','14','14.7','14.7.3'
'8181','14','14.7','14.7.3'
'8182','14','14.7','14.7.3'
'8183','14','14.7','14.7.3'
'8184','14','14.7','14.7.3'
'8185','14','14.7','14.7.3'
'8186','14','14.7','14.7.3'
'8187','14','14.7','14.7.3'
'8188','14','14.7','14.7.3'
'8197','14','14.7','14.7.3'
'8191','14','14.8',' '
'8292','14','14.9',' '
'8293','14','14.9',' '
'8294','14','14.9',' '
'8295','14','14.9',' '
'8296','14','14.9',' '
'8394','14','14.9',' '
'8395','14','14.9',' '
'8396','14','14.9',' '
'8397','14','14.9',' '
'8398','14','14.9',' '
'8411','14','14.10','14.10.1'
'8412','14','14.10','14.10.2'
'8415','14','14.10','14.10.3'
'8417','14','14.10','14.10.4'
'8410','14','14.10','14.10.5'
'8413','14','14.10','14.10.5'
'8414','14','14.10','14.10.5'
'8416','14','14.10','14.10.5'
'8418','14','14.10','14.10.5'
'8419','14','14.10','14.10.5'
'8100','14','14.11',' '
'8101','14','14.11',' '
'8102','14','14.11',' '
'8103','14','14.11',' '
'8104','14','14.11',' '
'8105','14','14.11',' '
'8106','14','14.11',' '
'8107','14','14.11',' '
'8108','14','14.11',' '
'8109','14','14.11',' '
'8130','14','14.11',' '
'8131','14','14.11',' '
'8132','14','14.11',' '
'8133','14','14.11',' '
'8134','14','14.11',' '
'8135','14','14.11',' '
'8136','14','14.11',' '
'8137','14','14.11',' '
'8138','14','14.11',' '
'8139','14','14.11',' '
'8161','14','14.11',' '
'8162','14','14.11',' '
'8163','14','14.11',' '
'8164','14','14.11',' '
'8451','14','14.11',' '
'7611','14','14.12',' '
'7619','14','14.12',' '
'7740','14','14.12',' '
'7741','14','14.12',' '
'7742','14','14.12',' '
'7743','14','14.12',' '
'7744','14','14.12',' '
'7745','14','14.12',' '
'7746','14','14.12',' '
'7747','14','14.12',' '
'7748','14','14.12',' '
'7749','14','14.12',' '
'7880','14','14.12',' '
'7881','14','14.12',' '
'7882','14','14.12',' '
'7883','14','14.12',' '
'7884','14','14.12',' '
'7885','14','14.12',' '
'7886','14','14.12',' '
'7887','14','14.12',' '
'7888','14','14.12',' '
'7889','14','14.12',' '
'8030','14','14.12',' '
'8031','14','14.12',' '
'8032','14','14.12',' '
'8033','14','14.12',' '
'8034','14','14.12',' '
'8035','14','14.12',' '
'8036','14','14.12',' '
'8037','14','14.12',' '
'8038','14','14.12',' '
'8039','14','14.12',' '
'8321','14','14.12',' '
'8329','14','14.12',' '
'8363','14','14.13','14.13.1'
'8361','14','14.13','14.13.2'
'8362','14','14.13','14.13.2'
'8364','14','14.13','14.13.2'
'8365','14','14.13','14.13.2'
'8201','14','14.13','14.13.3'
'8202','14','14.13','14.13.3'
'8203','14','14.13','14.13.3'
'8204','14','14.13','14.13.3'
'8209','14','14.13','14.13.3'
'8211','14','14.13','14.13.3'
'8212','14','14.13','14.13.3'
'8219','14','14.13','14.13.3'
'8221','14','14.13','14.13.3'
'8222','14','14.13','14.13.3'
'8229','14','14.13','14.13.3'
'8231','14','14.13','14.13.3'
'8232','14','14.13','14.13.3'
'8233','14','14.13','14.13.3'
'8234','14','14.13','14.13.3'
'8235','14','14.13','14.13.3'
'8236','14','14.13','14.13.3'
'8239','14','14.13','14.13.3'
'8241','14','14.13','14.13.3'
'8242','14','14.13','14.13.3'
'8243','14','14.13','14.13.3'
'8244','14','14.13','14.13.3'
'8245','14','14.13','14.13.3'
'8246','14','14.13','14.13.3'
'8251','14','14.13','14.13.3'
'8252','14','14.13','14.13.3'
'8253','14','14.13','14.13.3'
'8254','14','14.13','14.13.3'
'8255','14','14.13','14.13.3'
'8256','14','14.13','14.13.3'
'8257','14','14.13','14.13.3'
'8258','14','14.13','14.13.3'
'8259','14','14.13','14.13.3'
'8261','14','14.13','14.13.3'
'8269','14','14.13','14.13.3'
'8271','14','14.13','14.13.3'
'8272','14','14.13','14.13.3'
'8279','14','14.13','14.13.3'
'8281','14','14.13','14.13.3'
'8282','14','14.13','14.13.3'
'8283','14','14.13','14.13.3'
'8284','14','14.13','14.13.3'
'8285','14','14.13','14.13.3'
'8286','14','14.13','14.13.3'
'8289','14','14.13','14.13.3'
'8291','14','14.13','14.13.3'
'8299','14','14.13','14.13.3'
'8301','14','14.13','14.13.3'
'8302','14','14.13','14.13.3'
'8303','14','14.13','14.13.3'
'8309','14','14.13','14.13.3'
'8311','14','14.13','14.13.3'
'8312','14','14.13','14.13.3'
'8313','14','14.13','14.13.3'
'8314','14','14.13','14.13.3'
'8319','14','14.13','14.13.3'
'8331','14','14.13','14.13.3'
'8332','14','14.13','14.13.3'
'8339','14','14.13','14.13.3'
'8341','14','14.13','14.13.3'
'8342','14','14.13','14.13.3'
'8343','14','14.13','14.13.3'
'8344','14','14.13','14.13.3'
'8345','14','14.13','14.13.3'
'8349','14','14.13','14.13.3'
'835 ','14','14.13','14.13.3'
'8371','14','14.13','14.13.3'
'8372','14','14.13','14.13.3'
'8373','14','14.13','14.13.3'
'8374','14','14.13','14.13.3'
'8375','14','14.13','14.13.3'
'8376','14','14.13','14.13.3'
'8377','14','14.13','14.13.3'
'8379','14','14.13','14.13.3'
'8381','14','14.13','14.13.3'
'8382','14','14.13','14.13.3'
'8383','14','14.13','14.13.3'
'8384','14','14.13','14.13.3'
'8385','14','14.13','14.13.3'
'8386','14','14.13','14.13.3'
'8387','14','14.13','14.13.3'
'8388','14','14.13','14.13.3'
'8389','14','14.13','14.13.3'
'8391','14','14.13','14.13.3'
'8392','14','14.13','14.13.3'
'8393','14','14.13','14.13.3'
'8399','14','14.13','14.13.3'
'7700','14','14.14',' '
'7701','14','14.14',' '
'7702','14','14.14',' '
'7703','14','14.14',' '
'7704','14','14.14',' '
'7705','14','14.14',' '
'7706','14','14.14',' '
'7707','14','14.14',' '
'7708','14','14.14',' '
'7709','14','14.14',' '
'7710','14','14.14',' '
'7711','14','14.14',' '
'7712','14','14.14',' '
'7713','14','14.14',' '
'7714','14','14.14',' '
'7715','14','14.14',' '
'7716','14','14.14',' '
'7717','14','14.14',' '
'7718','14','14.14',' '
'7719','14','14.14',' '
'7720','14','14.14',' '
'7721','14','14.14',' '
'7722','14','14.14',' '
'7723','14','14.14',' '
'7724','14','14.14',' '
'7725','14','14.14',' '
'7726','14','14.14',' '
'7727','14','14.14',' '
'7728','14','14.14',' '
'7729','14','14.14',' '
'7730','14','14.14',' '
'7731','14','14.14',' '
'7732','14','14.14',' '
'7733','14','14.14',' '
'7734','14','14.14',' '
'7735','14','14.14',' '
'7736','14','14.14',' '
'7737','14','14.14',' '
'7738','14','14.14',' '
'7739','14','14.14',' '
'7790','14','14.14',' '
'7791','14','14.14',' '
'7792','14','14.14',' '
'7793','14','14.14',' '
'7794','14','14.14',' '
'7795','14','14.14',' '
'7796','14','14.14',' '
'7797','14','14.14',' '
'7798','14','14.14',' '
'7799','14','14.14',' '
'7800','14','14.14',' '
'7801','14','14.14',' '
'7802','14','14.14',' '
'7803','14','14.14',' '
'7804','14','14.14',' '
'7805','14','14.14',' '
'7806','14','14.14',' '
'7807','14','14.14',' '
'7808','14','14.14',' '
'7809','14','14.14',' '
'7810','14','14.14',' '
'7811','14','14.14',' '
'7812','14','14.14',' '
'7813','14','14.14',' '
'7814','14','14.14',' '
'7815','14','14.14',' '
'7816','14','14.14',' '
'7817','14','14.14',' '
'7818','14','14.14',' '
'7819','14','14.14',' '
'7820','14','14.14',' '
'7822','14','14.14',' '
'7823','14','14.14',' '
'7824','14','14.14',' '
'7825','14','14.14',' '
'7827','14','14.14',' '
'7828','14','14.14',' '
'7829','14','14.14',' '
'7830','14','14.14',' '
'7831','14','14.14',' '
'7832','14','14.14',' '
'7833','14','14.14',' '
'7834','14','14.14',' '
'7835','14','14.14',' '
'7837','14','14.14',' '
'7838','14','14.14',' '
'7839','14','14.14',' '
'7840','14','14.14',' '
'7841','14','14.14',' '
'7842','14','14.14',' '
'7843','14','14.14',' '
'7844','14','14.14',' '
'7845','14','14.14',' '
'7846','14','14.14',' '
'7847','14','14.14',' '
'7848','14','14.14',' '
'7849','14','14.14',' '
'7870','14','14.14',' '
'7871','14','14.14',' '
'7872','14','14.14',' '
'7873','14','14.14',' '
'7874','14','14.14',' '
'7875','14','14.14',' '
'7876','14','14.14',' '
'7877','14','14.14',' '
'7878','14','14.14',' '
'7879','14','14.14',' '
'7890','14','14.14',' '
'7891','14','14.14',' '
'7892','14','14.14',' '
'7893','14','14.14',' '
'7894','14','14.14',' '
'7895','14','14.14',' '
'7896','14','14.14',' '
'7897','14','14.14',' '
'7898','14','14.14',' '
'7899','14','14.14',' '
'8165','14','14.14',' '
'8166','14','14.14',' '
'8471','14','14.14',' '
'8472','14','14.14',' '
'8473','14','14.14',' '
'8000','14','14.15',' '
'8001','14','14.15',' '
'8002','14','14.15',' '
'8003','14','14.15',' '
'8004','14','14.15',' '
'8005','14','14.15',' '
'8006','14','14.15',' '
'8007','14','14.15',' '
'8008','14','14.15',' '
'8009','14','14.15',' '
'8010','14','14.15',' '
'8011','14','14.15',' '
'8012','14','14.15',' '
'8013','14','14.15',' '
'8014','14','14.15',' '
'8015','14','14.15',' '
'8016','14','14.15',' '
'8017','14','14.15',' '
'8018','14','14.15',' '
'8019','14','14.15',' '
'8052','14','14.15',' '
'8070','14','14.15',' '
'8071','14','14.15',' '
'8072','14','14.15',' '
'8073','14','14.15',' '
'8074','14','14.15',' '
'8075','14','14.15',' '
'8076','14','14.15',' '
'8077','14','14.15',' '
'8078','14','14.15',' '
'8079','14','14.15',' '
'8080','14','14.15',' '
'8081','14','14.15',' '
'8082','14','14.15',' '
'8083','14','14.15',' '
'8084','14','14.15',' '
'8085','14','14.15',' '
'8086','14','14.15',' '
'8087','14','14.15',' '
'8088','14','14.15',' '
'8089','14','14.15',' '
'8090','14','14.15',' '
'8091','14','14.15',' '
'8092','14','14.15',' '
'8093','14','14.15',' '
'8094','14','14.15',' '
'8095','14','14.15',' '
'8096','14','14.15',' '
'8097','14','14.15',' '
'8098','14','14.15',' '
'8099','14','14.15',' '
'8111','14','14.15',' '
'8112','14','14.15',' '
'8113','14','14.15',' '
'8114','14','14.15',' '
'8115','14','14.15',' '
'8116','14','14.15',' '
'8117','14','14.15',' '
'8118','14','14.15',' '
'8120','14','14.15',' '
'8121','14','14.15',' '
'8122','14','14.15',' '
'8123','14','14.15',' '
'8124','14','14.15',' '
'8125','14','14.15',' '
'8126','14','14.15',' '
'8127','14','14.15',' '
'8128','14','14.15',' '
'8129','14','14.15',' '
'8140','14','14.15',' '
'8193','14','14.15',' '
'8194','14','14.15',' '
'8195','14','14.15',' '
'8196','14','14.15',' '
'8198','14','14.15',' '
'8199','14','14.15',' '
'7695','14','14.16',' '
'7696','14','14.16',' '
'8192','14','14.16',' '
'8441','14','14.16',' '
'8442','14','14.16',' '
'8443','14','14.16',' '
'8445','14','14.16',' '
'8446','14','14.16',' '
'8447','14','14.16',' '
'8452','14','14.16',' '
'8453','14','14.16',' '
'8454','14','14.16',' '
'8455','14','14.16',' '
'8456','14','14.16',' '
'8457','14','14.16',' '
'9711','14','14.16',' '
'9712','14','14.16',' '
'9713','14','14.16',' '
'9714','14','14.16',' '
'9736','14','14.16',' '
'9788','14','14.16',' '
'7609','14','14.17',' '
'7641','14','14.17',' '
'7642','14','14.17',' '
'7643','14','14.17',' '
'7644','14','14.17',' '
'7645','14','14.17',' '
'7646','14','14.17',' '
'765 ','14','14.17',' '
'7661','14','14.17',' '
'7662','14','14.17',' '
'7663','14','14.17',' '
'7664','14','14.17',' '
'7665','14','14.17',' '
'7666','14','14.17',' '
'7667','14','14.17',' '
'7668','14','14.17',' '
'7669','14','14.17',' '
'7691','14','14.17',' '
'7692','14','14.17',' '
'8400','14','14.17',' '
'8401','14','14.17',' '
'8402','14','14.17',' '
'8403','14','14.17',' '
'8404','14','14.17',' '
'8405','14','14.17',' '
'8406','14','14.17',' '
'8407','14','14.17',' '
'8408','14','14.17',' '
'8409','14','14.17',' '
'8421','14','14.17',' '
'8422','14','14.17',' '
'8423','14','14.17',' '
'8424','14','14.17',' '
'8425','14','14.17',' '
'8426','14','14.17',' '
'8427','14','14.17',' '
'8428','14','14.17',' '
'8429','14','14.17',' '
'843 ','14','14.17',' '
'8440','14','14.17',' '
'8444','14','14.17',' '
'8448','14','14.17',' '
'8491','14','14.17',' '
'8492','14','14.17',' '
'8493','14','14.17',' '
'8499','14','14.17',' '
'8511','15','15.1','15.1.1'
'8512','15','15.1','15.1.1'
'8519','15','15.1','15.1.1'
'8520','15','15.1','15.1.2'
'8521','15','15.1','15.1.2'
'8522','15','15.1','15.1.2'
'8523','15','15.1','15.1.2'
'8541','15','15.1','15.1.3'
'8542','15','15.1','15.1.3'
'8543','15','15.1','15.1.3'
'8544','15','15.1','15.1.3'
'8545','15','15.1','15.1.3'
'8546','15','15.1','15.1.3'
'8547','15','15.1','15.1.3'
'8548','15','15.1','15.1.3'
'8604','15','15.2',' '
'8622','15','15.3',' '
'8628','15','15.3',' '
'863 ','15','15.4',' '
'864 ','15','15.4',' '
'8651','15','15.5',' '
'8659','15','15.5',' '
'8660','15','15.6',' '
'8661','15','15.6',' '
'8662','15','15.6',' '
'8663','15','15.6',' '
'8664','15','15.6',' '
'8665','15','15.6',' '
'8666','15','15.6',' '
'8667','15','15.6',' '
'8669','15','15.6',' '
'8670','15','15.6',' '
'8671','15','15.6',' '
'8672','15','15.6',' '
'8673','15','15.6',' '
'8674','15','15.6',' '
'8675','15','15.6',' '
'8611','15','15.7',' '
'8619','15','15.7',' '
'8601','15','15.8','15.8.1'
'8607','15','15.8','15.8.2'
'8627','15','15.8','15.8.3'
'850 ','15','15.8','15.8.4'
'8551','15','15.8','15.8.4'
'8552','15','15.8','15.8.4'
'8581','15','15.8','15.8.4'
'8591','15','15.8','15.8.4'
'8592','15','15.8','15.8.4'
'8602','15','15.8','15.8.4'
'8603','15','15.8','15.8.4'
'8605','15','15.8','15.8.4'
'8609','15','15.8','15.8.4'
'8623','15','15.8','15.8.4'
'8624','15','15.8','15.8.4'
'8626','15','15.8','15.8.4'
'8692','15','15.8','15.8.4'
'8699','15','15.8','15.8.4'
'8532','15','15.9','15.9.1'
'8621','15','15.9','15.9.2'
'8524','15','15.9','15.9.3'
'8525','15','15.9','15.9.3'
'8531','15','15.9','15.9.3'
'8533','15','15.9','15.9.3'
'8534','15','15.9','15.9.3'
'8535','15','15.9','15.9.3'
'8536','15','15.9','15.9.3'
'8550','15','15.9','15.9.3'
'8553','15','15.9','15.9.3'
'8554','15','15.9','15.9.3'
'8555','15','15.9','15.9.3'
'856 ','15','15.9','15.9.3'
'857 ','15','15.9','15.9.3'
'8570','15','15.9','15.9.3'
'8571','15','15.9','15.9.3'
'8572','15','15.9','15.9.3'
'8573','15','15.9','15.9.3'
'8574','15','15.9','15.9.3'
'8575','15','15.9','15.9.3'
'8576','15','15.9','15.9.3'
'8579','15','15.9','15.9.3'
'8582','15','15.9','15.9.3'
'8583','15','15.9','15.9.3'
'8584','15','15.9','15.9.3'
'8585','15','15.9','15.9.3'
'8586','15','15.9','15.9.3'
'8587','15','15.9','15.9.3'
'8589','15','15.9','15.9.3'
'8593','15','15.9','15.9.3'
'8594','15','15.9','15.9.3'
'8595','15','15.9','15.9.3'
'8596','15','15.9','15.9.3'
'8599','15','15.9','15.9.3'
'8606','15','15.9','15.9.3'
'8625','15','15.9','15.9.3'
'8681','15','15.9','15.9.3'
'8682','15','15.9','15.9.3'
'8683','15','15.9','15.9.3'
'8684','15','15.9','15.9.3'
'8685','15','15.9','15.9.3'
'8686','15','15.9','15.9.3'
'8687','15','15.9','15.9.3'
'8689','15','15.9','15.9.3'
'8690','15','15.9','15.9.3'
'8691','15','15.9','15.9.3'
'8693','15','15.9','15.9.3'
'335 ','16','16.1',' '
'3350','16','16.1',' '
'3351','16','16.1',' '
'3352','16','16.1',' '
'336 ','16','16.1',' '
'375 ','16','16.1',' '
'3751','16','16.1',' '
'4194','16','16.1',' '
'4697','16','16.1',' '
'5051','16','16.1',' '
'5059','16','16.1',' '
'5280','16','16.1',' '
'5281','16','16.1',' '
'5282','16','16.1',' '
'5283','16','16.1',' '
'5284','16','16.1',' '
'5285','16','16.1',' '
'5286','16','16.1',' '
'8703','16','16.2','16.2.1'
'8741','16','16.2','16.2.2'
'8801','16','16.2','16.2.3'
'0031','16','16.2','16.2.4'
'8771','16','16.2','16.2.4'
'8838','16','16.2','16.2.4'
'8721','16','16.3',' '
'8736','16','16.4',' '
'8737','16','16.4',' '
'8744','16','16.5',' '
'8753','16','16.6',' '
'8761','16','16.7',' '
'8762','16','16.7',' '
'8764','16','16.8',' '
'8773','16','16.9',' '
'8841','16','16.10',' '
'8842','16','16.11',' '
'8848','16','16.12',' '
'8840','16','16.13',' '
'8843','16','16.13',' '
'8844','16','16.13',' '
'8845','16','16.13',' '
'8846','16','16.13',' '
'8847','16','16.13',' '
'8849','16','16.13',' '
'8850','16','16.13',' '
'8851','16','16.13',' '
'8858','16','16.13',' '
'8860','16','16.13',' '
'8861','16','16.13',' '
'8862','16','16.13',' '
'8863','16','16.13',' '
'8864','16','16.13',' '
'8865','16','16.13',' '
'8866','16','16.13',' '
'8867','16','16.13',' '
'8868','16','16.13',' '
'0021','16','16.14','16.14.1'
'8871','16','16.14','16.14.1'
'0024','16','16.14','16.14.2'
'8872','16','16.14','16.14.2'
'8874','16','16.14','16.14.3'
'0025','16','16.14','16.14.4'
'8875','16','16.14','16.14.4'
'8876','16','16.14','16.14.5'
'0022','16','16.14','16.14.6'
'0023','16','16.14','16.14.6'
'0028','16','16.14','16.14.6'
'0029','16','16.14','16.14.6'
'8873','16','16.14','16.14.6'
'8877','16','16.14','16.14.6'
'8878','16','16.14','16.14.6'
'8879','16','16.14','16.14.6'
'0032','16','16.15',' '
'8891','16','16.15',' '
'8892','16','16.15',' '
'8893','16','16.15',' '
'8894','16','16.15',' '
'8895','16','16.15',' '
'8896','16','16.15',' '
'8897','16','16.15',' '
'8899','16','16.15',' '
'8914','16','16.16',' '
'8929','16','16.17',' '
'8941','16','16.18',' '
'8942','16','16.18',' '
'8943','16','16.18',' '
'8944','16','16.18',' '
'8951','16','16.19',' '
'8952','16','16.19',' '
'8954','16','16.20',' '
'8964','16','16.21',' '
'8960','16','16.22',' '
'8965','16','16.22',' '
'9001','16','16.23',' '
'9002','16','16.23',' '
'9003','16','16.23',' '
'9004','16','16.23',' '
'9005','16','16.23',' '
'9006','16','16.23',' '
'9009','16','16.23',' '
'9011','16','16.23',' '
'9012','16','16.23',' '
'9013','16','16.23',' '
'9014','16','16.23',' '
'9015','16','16.23',' '
'9016','16','16.23',' '
'9019','16','16.23',' '
'9021','16','16.23',' '
'9022','16','16.23',' '
'9023','16','16.23',' '
'9024','16','16.23',' '
'9025','16','16.23',' '
'9026','16','16.23',' '
'9029','16','16.23',' '
'9031','16','16.23',' '
'9032','16','16.23',' '
'9033','16','16.23',' '
'9034','16','16.23',' '
'9035','16','16.23',' '
'9036','16','16.23',' '
'9039','16','16.23',' '
'9041','16','16.23',' '
'9042','16','16.23',' '
'9043','16','16.23',' '
'9044','16','16.23',' '
'9045','16','16.23',' '
'9046','16','16.23',' '
'9049','16','16.23',' '
'9051','16','16.23',' '
'9052','16','16.23',' '
'9053','16','16.23',' '
'9054','16','16.23',' '
'9055','16','16.23',' '
'9056','16','16.23',' '
'9059','16','16.23',' '
'9061','16','16.23',' '
'9062','16','16.23',' '
'9063','16','16.23',' '
'9064','16','16.23',' '
'9065','16','16.23',' '
'9066','16','16.23',' '
'9069','16','16.23',' '
'9071','16','16.23',' '
'9072','16','16.23',' '
'9073','16','16.23',' '
'9074','16','16.23',' '
'9075','16','16.23',' '
'9076','16','16.23',' '
'9079','16','16.23',' '
'9081','16','16.23',' '
'9082','16','16.23',' '
'9083','16','16.23',' '
'9084','16','16.23',' '
'9085','16','16.23',' '
'9086','16','16.23',' '
'9089','16','16.23',' '
'9091','16','16.23',' '
'9092','16','16.23',' '
'9093','16','16.23',' '
'9094','16','16.23',' '
'9095','16','16.23',' '
'9096','16','16.23',' '
'9099','16','16.23',' '
'9101','16','16.23',' '
'9102','16','16.23',' '
'9103','16','16.23',' '
'9104','16','16.23',' '
'9105','16','16.23',' '
'9106','16','16.23',' '
'9109','16','16.23',' '
'9111','16','16.23',' '
'9112','16','16.23',' '
'9113','16','16.23',' '
'9114','16','16.23',' '
'9115','16','16.23',' '
'9116','16','16.23',' '
'9119','16','16.23',' '
'9121','16','16.23',' '
'9122','16','16.23',' '
'9123','16','16.23',' '
'9124','16','16.23',' '
'9125','16','16.23',' '
'9126','16','16.23',' '
'9129','16','16.23',' '
'9131','16','16.23',' '
'9132','16','16.23',' '
'9133','16','16.23',' '
'9134','16','16.23',' '
'9135','16','16.23',' '
'9136','16','16.23',' '
'9139','16','16.23',' '
'9141','16','16.23',' '
'9142','16','16.23',' '
'9143','16','16.23',' '
'9144','16','16.23',' '
'9145','16','16.23',' '
'9146','16','16.23',' '
'9149','16','16.23',' '
'9151','16','16.23',' '
'9152','16','16.23',' '
'9153','16','16.23',' '
'9154','16','16.23',' '
'9155','16','16.23',' '
'9156','16','16.23',' '
'9159','16','16.23',' '
'9161','16','16.23',' '
'9162','16','16.23',' '
'9163','16','16.23',' '
'9164','16','16.23',' '
'9165','16','16.23',' '
'9166','16','16.23',' '
'9169','16','16.23',' '
'9171','16','16.23',' '
'9172','16','16.23',' '
'9173','16','16.23',' '
'9174','16','16.23',' '
'9175','16','16.23',' '
'9176','16','16.23',' '
'9179','16','16.23',' '
'9181','16','16.23',' '
'9182','16','16.23',' '
'9183','16','16.23',' '
'9184','16','16.23',' '
'9185','16','16.23',' '
'9186','16','16.23',' '
'9189','16','16.23',' '
'9191','16','16.23',' '
'9192','16','16.23',' '
'9193','16','16.23',' '
'9194','16','16.23',' '
'9195','16','16.23',' '
'9196','16','16.23',' '
'9199','16','16.23',' '
'9214','16','16.24','16.24.1'
'9215','16','16.24','16.24.2'
'9201','16','16.24','16.24.3'
'9202','16','16.24','16.24.3'
'9203','16','16.24','16.24.3'
'9204','16','16.24','16.24.3'
'9205','16','16.24','16.24.3'
'9209','16','16.24','16.24.3'
'9211','16','16.24','16.24.4'
'9212','16','16.24','16.24.4'
'9213','16','16.24','16.24.4'
'9216','16','16.24','16.24.4'
'9217','16','16.24','16.24.4'
'9218','16','16.24','16.24.4'
'9219','16','16.24','16.24.4'
'9220','16','16.25',' '
'9221','16','16.25',' '
'9222','16','16.25',' '
'9223','16','16.25',' '
'9224','16','16.25',' '
'9225','16','16.25',' '
'9226','16','16.25',' '
'9227','16','16.25',' '
'9228','16','16.25',' '
'9229','16','16.25',' '
'9241','16','16.25',' '
'9301','16','16.26','16.26.1'
'9302','16','16.26','16.26.1'
'9303','16','16.26','16.26.1'
'9304','16','16.26','16.26.1'
'9305','16','16.26','16.26.1'
'9306','16','16.26','16.26.1'
'9307','16','16.26','16.26.1'
'9308','16','16.26','16.26.1'
'9309','16','16.26','16.26.1'
'9311','16','16.26','16.26.2'
'9312','16','16.26','16.26.2'
'9313','16','16.26','16.26.2'
'9314','16','16.26','16.26.2'
'9315','16','16.26','16.26.2'
'9316','16','16.26','16.26.2'
'9317','16','16.26','16.26.2'
'9318','16','16.26','16.26.2'
'9319','16','16.26','16.26.2'
'9321','16','16.26','16.26.2'
'9322','16','16.26','16.26.2'
'9323','16','16.26','16.26.2'
'9324','16','16.26','16.26.2'
'9325','16','16.26','16.26.2'
'9326','16','16.26','16.26.2'
'9327','16','16.26','16.26.2'
'9328','16','16.26','16.26.2'
'9329','16','16.26','16.26.2'
'9331','16','16.26','16.26.2'
'9332','16','16.26','16.26.2'
'9333','16','16.26','16.26.2'
'9334','16','16.26','16.26.2'
'9335','16','16.26','16.26.2'
'9336','16','16.26','16.26.2'
'9337','16','16.26','16.26.2'
'9338','16','16.26','16.26.2'
'9339','16','16.26','16.26.2'
'9341','16','16.26','16.26.3'
'9342','16','16.26','16.26.3'
'9343','16','16.26','16.26.3'
'9344','16','16.26','16.26.3'
'9345','16','16.26','16.26.3'
'9346','16','16.26','16.26.3'
'9351','16','16.26','16.26.3'
'9352','16','16.26','16.26.3'
'9353','16','16.26','16.26.3'
'9354','16','16.26','16.26.3'
'9355','16','16.26','16.26.3'
'9356','16','16.26','16.26.3'
'9357','16','16.26','16.26.3'
'9358','16','16.26','16.26.3'
'9359','16','16.26','16.26.3'
'9361','16','16.26','16.26.4'
'9362','16','16.26','16.26.4'
'9363','16','16.26','16.26.4'
'9364','16','16.26','16.26.4'
'9365','16','16.26','16.26.4'
'9366','16','16.26','16.26.4'
'9367','16','16.26','16.26.4'
'9371','16','16.26','16.26.4'
'9372','16','16.26','16.26.4'
'9373','16','16.26','16.26.4'
'9374','16','16.26','16.26.4'
'9375','16','16.26','16.26.4'
'9376','16','16.26','16.26.4'
'9377','16','16.26','16.26.4'
'9378','16','16.26','16.26.4'
'9381','16','16.26','16.26.4'
'9382','16','16.26','16.26.4'
'9383','16','16.26','16.26.4'
'9384','16','16.26','16.26.4'
'9385','16','16.26','16.26.4'
'9389','16','16.26','16.26.4'
'9604','16','16.27','16.27.1'
'9671','16','16.27','16.27.2'
'9672','16','16.27','16.27.3'
'9390','16','16.27','16.27.4'
'9392','16','16.27','16.27.4'
'9601','16','16.27','16.27.4'
'9602','16','16.27','16.27.4'
'9603','16','16.27','16.27.4'
'9605','16','16.27','16.27.4'
'9670','16','16.27','16.27.4'
'9394','16','16.28','16.28.1'
'9396','16','16.28','16.28.2'
'9391','16','16.28','16.28.3'
'9399','16','16.28','16.28.3'
'9421','16','16.29','16.29.1'
'9422','16','16.29','16.29.1'
'9423','16','16.29','16.29.1'
'9424','16','16.29','16.29.1'
'9425','16','16.29','16.29.1'
'9427','16','16.29','16.29.2'
'9431','16','16.29','16.29.3'
'9432','16','16.29','16.29.3'
'9433','16','16.29','16.29.3'
'9434','16','16.29','16.29.3'
'9435','16','16.29','16.29.3'
'9436','16','16.29','16.29.3'
'9437','16','16.29','16.29.3'
'9438','16','16.29','16.29.3'
'9439','16','16.29','16.29.3'
'9401','16','16.29','16.29.4'
'9402','16','16.29','16.29.4'
'9403','16','16.29','16.29.4'
'9408','16','16.29','16.29.4'
'9409','16','16.29','16.29.4'
'9411','16','16.29','16.29.4'
'9412','16','16.29','16.29.4'
'9413','16','16.29','16.29.4'
'9419','16','16.29','16.29.4'
'9426','16','16.29','16.29.4'
'9429','16','16.29','16.29.4'
'9441','16','16.29','16.29.4'
'9442','16','16.29','16.29.4'
'9443','16','16.29','16.29.4'
'9444','16','16.29','16.29.4'
'9445','16','16.29','16.29.4'
'9446','16','16.29','16.29.4'
'9449','16','16.29','16.29.4'
'9451','16','16.29','16.29.4'
'9452','16','16.29','16.29.4'
'9453','16','16.29','16.29.4'
'9454','16','16.29','16.29.4'
'9455','16','16.29','16.29.4'
'9459','16','16.29','16.29.4'
'9461','16','16.30','16.30.1'
'9462','16','16.30','16.30.2'
'9463','16','16.30','16.30.3'
'9464','16','16.30','16.30.4'
'9465','16','16.30','16.30.5'
'9466','16','16.30','16.30.6'
'9467','16','16.30','16.30.7'
'9468','16','16.30','16.30.8'
'9469','16','16.30','16.30.9'
'9501','16','16.31',' '
'9502','16','16.31',' '
'9503','16','16.31',' '
'9504','16','16.31',' '
'9505','16','16.31',' '
'9506','16','16.31',' '
'9507','16','16.31',' '
'9509','16','16.31',' '
'9511','16','16.31',' '
'9512','16','16.31',' '
'9513','16','16.31',' '
'9514','16','16.31',' '
'9515','16','16.31',' '
'9516','16','16.31',' '
'9521','16','16.31',' '
'9522','16','16.31',' '
'9523','16','16.31',' '
'9524','16','16.31',' '
'9525','16','16.31',' '
'9526','16','16.31',' '
'9531','16','16.31',' '
'9532','16','16.31',' '
'9533','16','16.31',' '
'9534','16','16.31',' '
'9535','16','16.31',' '
'9536','16','16.31',' '
'9541','16','16.31',' '
'9542','16','16.31',' '
'9543','16','16.31',' '
'9544','16','16.31',' '
'9545','16','16.31',' '
'9546','16','16.31',' '
'9547','16','16.31',' '
'9548','16','16.31',' '
'9549','16','16.31',' '
'9607','16','16.32',' '
'9900','16','16.33',' '
'9901','16','16.33',' '
'9902','16','16.33',' '
'9903','16','16.33',' '
'9904','16','16.33',' '
'9905','16','16.33',' '
'9906','16','16.33',' '
'9907','16','16.33',' '
'9908','16','16.33',' '
'9909','16','16.33',' '
'966 ','16','16.34',' '
'9915','16','16.34',' '
'0010','16','16.35',' '
'0015','16','16.35',' '
'1770','16','16.35',' '
'9925','16','16.35',' '
'9928','16','16.35',' '
'9960','16','16.36',' '
'9961','16','16.36',' '
'9962','16','16.36',' '
'9963','16','16.36',' '
'9964','16','16.36',' '
'9969','16','16.36',' '
'0033','16','16.37',' '
'0034','16','16.37',' '
'0035','16','16.37',' '
'0039','16','16.37',' '
'3823','16','16.37',' '
'3824','16','16.37',' '
'3825','16','16.37',' '
'8701','16','16.37',' '
'8702','16','16.37',' '
'8704','16','16.37',' '
'8705','16','16.37',' '
'8706','16','16.37',' '
'8707','16','16.37',' '
'8708','16','16.37',' '
'8709','16','16.37',' '
'8711','16','16.37',' '
'8712','16','16.37',' '
'8713','16','16.37',' '
'8714','16','16.37',' '
'8715','16','16.37',' '
'8716','16','16.37',' '
'8717','16','16.37',' '
'8722','16','16.37',' '
'8723','16','16.37',' '
'8724','16','16.37',' '
'8729','16','16.37',' '
'8731','16','16.37',' '
'8732','16','16.37',' '
'8733','16','16.37',' '
'8734','16','16.37',' '
'8735','16','16.37',' '
'8738','16','16.37',' '
'8739','16','16.37',' '
'8742','16','16.37',' '
'8743','16','16.37',' '
'8749','16','16.37',' '
'8751','16','16.37',' '
'8752','16','16.37',' '
'8754','16','16.37',' '
'8759','16','16.37',' '
'8763','16','16.37',' '
'8765','16','16.37',' '
'8766','16','16.37',' '
'8769','16','16.37',' '
'8772','16','16.37',' '
'8774','16','16.37',' '
'8775','16','16.37',' '
'8776','16','16.37',' '
'8777','16','16.37',' '
'8778','16','16.37',' '
'8779','16','16.37',' '
'8781','16','16.37',' '
'8782','16','16.37',' '
'8783','16','16.37',' '
'8784','16','16.37',' '
'8785','16','16.37',' '
'8789','16','16.37',' '
'8791','16','16.37',' '
'8792','16','16.37',' '
'8793','16','16.37',' '
'8794','16','16.37',' '
'8795','16','16.37',' '
'8799','16','16.37',' '
'8802','16','16.37',' '
'8803','16','16.37',' '
'8804','16','16.37',' '
'8809','16','16.37',' '
'8811','16','16.37',' '
'8812','16','16.37',' '
'8813','16','16.37',' '
'8814','16','16.37',' '
'8815','16','16.37',' '
'8816','16','16.37',' '
'8819','16','16.37',' '
'8821','16','16.37',' '
'8822','16','16.37',' '
'8823','16','16.37',' '
'8824','16','16.37',' '
'8825','16','16.37',' '
'8826','16','16.37',' '
'8827','16','16.37',' '
'8828','16','16.37',' '
'8829','16','16.37',' '
'8831','16','16.37',' '
'8832','16','16.37',' '
'8833','16','16.37',' '
'8834','16','16.37',' '
'8835','16','16.37',' '
'8836','16','16.37',' '
'8837','16','16.37',' '
'8839','16','16.37',' '
'8859','16','16.37',' '
'8881','16','16.37',' '
'8882','16','16.37',' '
'8883','16','16.37',' '
'8884','16','16.37',' '
'8885','16','16.37',' '
'8886','16','16.37',' '
'8889','16','16.37',' '
'8890','16','16.37',' '
'8898','16','16.37',' '
'0058','16','16.38',' '
'0059','16','16.38',' '
'0067','16','16.38',' '
'0068','16','16.38',' '
'0069','16','16.38',' '
'8901','16','16.38',' '
'8902','16','16.38',' '
'8903','16','16.38',' '
'8904','16','16.38',' '
'8905','16','16.38',' '
'8906','16','16.38',' '
'8907','16','16.38',' '
'8908','16','16.38',' '
'8909','16','16.38',' '
'8910','16','16.38',' '
'8911','16','16.38',' '
'8912','16','16.38',' '
'8913','16','16.38',' '
'8915','16','16.38',' '
'8916','16','16.38',' '
'8917','16','16.38',' '
'8918','16','16.38',' '
'8919','16','16.38',' '
'8921','16','16.38',' '
'8922','16','16.38',' '
'8923','16','16.38',' '
'8924','16','16.38',' '
'8925','16','16.38',' '
'8926','16','16.38',' '
'8931','16','16.38',' '
'8932','16','16.38',' '
'8933','16','16.38',' '
'8934','16','16.38',' '
'8935','16','16.38',' '
'8936','16','16.38',' '
'8937','16','16.38',' '
'8938','16','16.38',' '
'8939','16','16.38',' '
'8945','16','16.38',' '
'8946','16','16.38',' '
'8947','16','16.38',' '
'8948','16','16.38',' '
'8949','16','16.38',' '
'8950','16','16.38',' '
'8953','16','16.38',' '
'8955','16','16.38',' '
'8956','16','16.38',' '
'8957','16','16.38',' '
'8958','16','16.38',' '
'8959','16','16.38',' '
'8961','16','16.38',' '
'8962','16','16.38',' '
'8963','16','16.38',' '
'8966','16','16.38',' '
'8967','16','16.38',' '
'8968','16','16.38',' '
'8969','16','16.38',' '
'897 ','16','16.38',' '
'898 ','16','16.38',' '
'9931','16','16.39',' '
'9932','16','16.39',' '
'9933','16','16.39',' '
'9934','16','16.39',' '
'9935','16','16.39',' '
'9936','16','16.39',' '
'9937','16','16.39',' '
'9938','16','16.39',' '
'9939','16','16.39',' '
'9941','16','16.39',' '
'9942','16','16.39',' '
'9943','16','16.39',' '
'9944','16','16.39',' '
'9945','16','16.39',' '
'9946','16','16.39',' '
'9947','16','16.39',' '
'9948','16','16.39',' '
'9951','16','16.39',' '
'9952','16','16.39',' '
'9953','16','16.39',' '
'9954','16','16.39',' '
'9955','16','16.39',' '
'9956','16','16.39',' '
'9957','16','16.39',' '
'9958','16','16.39',' '
'9959','16','16.39',' '
'9801','16','16.40',' '
'9802','16','16.40',' '
'9803','16','16.40',' '
'9804','16','16.40',' '
'9805','16','16.40',' '
'9811','16','16.40',' '
'9812','16','16.40',' '
'9813','16','16.40',' '
'9814','16','16.40',' '
'9815','16','16.40',' '
'9816','16','16.40',' '
'9817','16','16.40',' '
'9818','16','16.40',' '
'9819','16','16.40',' '
'9820','16','16.40',' '
'9821','16','16.40',' '
'9822','16','16.40',' '
'9823','16','16.40',' '
'9824','16','16.40',' '
'9825','16','16.40',' '
'9826','16','16.40',' '
'9827','16','16.40',' '
'9828','16','16.40',' '
'9829','16','16.40',' '
'9852','16','16.41',' '
'9859','16','16.41',' '
'0001','16','16.42',' '
'0002','16','16.42',' '
'0003','16','16.42',' '
'0009','16','16.42',' '
'0014','16','16.42',' '
'1762','16','16.42',' '
'1769','16','16.42',' '
'9976','16','16.42',' '
'9977','16','16.42',' '
'1781','16','16.42','16.42.1'
'9921','16','16.42','16.42.1'
'9983','16','16.42','16.42.2'
'9910','16','16.42','16.42.3'
'9975','16','16.42','16.42.3'
'0011','16','16.42','16.42.4'
'0012','16','16.42','16.42.4'
'0013','16','16.42','16.42.4'
'0016','16','16.42','16.42.4'
'0017','16','16.42','16.42.4'
'0018','16','16.42','16.42.4'
'0019','16','16.42','16.42.4'
'0091','16','16.42','16.42.4'
'0092','16','16.42','16.42.4'
'0093','16','16.42','16.42.4'
'0094','16','16.42','16.42.4'
'0095','16','16.42','16.42.4'
'0096','16','16.42','16.42.4'
'0110','16','16.42','16.42.4'
'0116','16','16.42','16.42.4'
'0117','16','16.42','16.42.4'
'1741','16','16.42','16.42.4'
'1742','16','16.42','16.42.4'
'1743','16','16.42','16.42.4'
'1744','16','16.42','16.42.4'
'1745','16','16.42','16.42.4'
'1749','16','16.42','16.42.4'
'3898','16','16.42','16.42.4'
'3899','16','16.42','16.42.4'
'923 ','16','16.42','16.42.4'
'9230','16','16.42','16.42.4'
'9231','16','16.42','16.42.4'
'9232','16','16.42','16.42.4'
'9233','16','16.42','16.42.4'
'9239','16','16.42','16.42.4'
'9393','16','16.42','16.42.4'
'9395','16','16.42','16.42.4'
'9397','16','16.42','16.42.4'
'9398','16','16.42','16.42.4'
'9657','16','16.42','16.42.4'
'9658','16','16.42','16.42.4'
'9659','16','16.42','16.42.4'
'9715','16','16.42','16.42.4'
'9716','16','16.42','16.42.4'
'9729','16','16.42','16.42.4'
'9738','16','16.42','16.42.4'
'9739','16','16.42','16.42.4'
'9779','16','16.42','16.42.4'
'9781','16','16.42','16.42.4'
'9783','16','16.42','16.42.4'
'9784','16','16.42','16.42.4'
'9785','16','16.42','16.42.4'
'9787','16','16.42','16.42.4'
'9789','16','16.42','16.42.4'
'9911','16','16.42','16.42.4'
'9912','16','16.42','16.42.4'
'9913','16','16.42','16.42.4'
'9914','16','16.42','16.42.4'
'9916','16','16.42','16.42.4'
'9917','16','16.42','16.42.4'
'9918','16','16.42','16.42.4'
'9919','16','16.42','16.42.4'
'9920','16','16.42','16.42.4'
'9922','16','16.42','16.42.4'
'9923','16','16.42','16.42.4'
'9924','16','16.42','16.42.4'
'9926','16','16.42','16.42.4'
'9927','16','16.42','16.42.4'
'9929','16','16.42','16.42.4'
'9971','16','16.42','16.42.4'
'9972','16','16.42','16.42.4'
'9973','16','16.42','16.42.4'
'9974','16','16.42','16.42.4'
'9978','16','16.42','16.42.4'
'9979','16','16.42','16.42.4'
'9981','16','16.42','16.42.4'
'9982','16','16.42','16.42.4'
'9984','16','16.42','16.42.4'
'9985','16','16.42','16.42.4'
'9986','16','16.42','16.42.4'
'9988','16','16.42','16.42.4'
'9991','16','16.42','16.42.4'
'9992','16','16.42','16.42.4'
'9998','16','16.42','16.42.4'
'9999','16','16.42','16.42.4'
